Disabled distributed training.
2026-03-09 16:20:04,820 [INFO ]  Logging file is /u/jtu9/scratch/NTR/contests/raim_mef/raim_mef_phase2j/20260309_162004.log
2026-03-09 16:20:04,826 [INFO ]  random_seed:0
2026-03-09 16:20:04,828 [INFO ]  phase:train
2026-03-09 16:20:04,830 [INFO ]  name:raim_mef_phase2j
2026-03-09 16:20:04,832 [INFO ]  gpu_ids:[0]
2026-03-09 16:20:04,835 [INFO ]  launcher:none
2026-03-09 16:20:04,837 [INFO ]  local_rank:0
2026-03-09 16:20:04,839 [INFO ]  net_name:TimeDiffiT_ResNet_color_128
2026-03-09 16:20:04,841 [INFO ]  input_nc:1
2026-03-09 16:20:04,843 [INFO ]  output_nc:1
2026-03-09 16:20:04,845 [INFO ]  dataset:fastMRI
2026-03-09 16:20:04,847 [INFO ]  trainset:TrainSet_MEF
2026-03-09 16:20:04,850 [INFO ]  testset:TestSet_MEF
2026-03-09 16:20:04,852 [INFO ]  save_test_root:generated
2026-03-09 16:20:04,854 [INFO ]  in_channels:15
2026-03-09 16:20:04,856 [INFO ]  zero_skip_proj:True
2026-03-09 16:20:04,858 [INFO ]  batch_size:4
2026-03-09 16:20:04,860 [INFO ]  num_workers:4
2026-03-09 16:20:04,862 [INFO ]  noise_level:13
2026-03-09 16:20:04,865 [INFO ]  data_augmentation:False
2026-03-09 16:20:04,867 [INFO ]  weight_decay:0.001
2026-03-09 16:20:04,869 [INFO ]  start_iter:0
2026-03-09 16:20:04,872 [INFO ]  max_iter:300
2026-03-09 16:20:04,874 [INFO ]  eval_starting_epoch:999
2026-03-09 16:20:04,876 [INFO ]  loss_l1:False
2026-03-09 16:20:04,879 [INFO ]  loss_n2s:False
2026-03-09 16:20:04,881 [INFO ]  loss_c2s_sc_model:False
2026-03-09 16:20:04,883 [INFO ]  loss_d2s_sft:False
2026-03-09 16:20:04,886 [INFO ]  loss_d2s_pretrain:False
2026-03-09 16:20:04,889 [INFO ]  lambda_d2s_sft:1
2026-03-09 16:20:04,893 [INFO ]  lambda_d2s_pretrain:1
2026-03-09 16:20:05,098 [INFO ]  loss_mdae:False
2026-03-09 16:20:05,307 [INFO ]  lambda_mdae:1
2026-03-09 16:20:05,514 [INFO ]  lambda_mdae_masked:1
2026-03-09 16:20:05,722 [INFO ]  lambda_mdae_visible:1
2026-03-09 16:20:05,933 [INFO ]  mdae_mask_pct_min:0.01
2026-03-09 16:20:06,139 [INFO ]  mdae_mask_pct_max:0.75
2026-03-09 16:20:06,347 [INFO ]  mdae_block_size:16
2026-03-09 16:20:06,555 [INFO ]  loss_noiser2noise:False
2026-03-09 16:20:06,763 [INFO ]  alpha_noiser2noise:0.0005
2026-03-09 16:20:06,973 [INFO ]  loss_r2r:False
2026-03-09 16:20:06,976 [INFO ]  loss_mse:False
2026-03-09 16:20:06,981 [INFO ]  loss_adv:False
2026-03-09 16:20:06,985 [INFO ]  gan_type:WGAN_GP
2026-03-09 16:20:06,988 [INFO ]  loss_noise2score:False
2026-03-09 16:20:06,994 [INFO ]  loss_composite:True
2026-03-09 16:20:06,998 [INFO ]  lambda_composite_l1:1.0
2026-03-09 16:20:07,002 [INFO ]  lambda_ssim:1.0
2026-03-09 16:20:07,006 [INFO ]  lambda_lpips:0.8
2026-03-09 16:20:07,010 [INFO ]  lambda_grad:0.0
2026-03-09 16:20:07,015 [INFO ]  lambda_sat:0.0
2026-03-09 16:20:07,019 [INFO ]  sat_threshold_low:0.02
2026-03-09 16:20:07,026 [INFO ]  sat_threshold_high:0.98
2026-03-09 16:20:07,030 [INFO ]  model_time_conditioning:True
2026-03-09 16:20:07,035 [INFO ]  timesteps:1000
2026-03-09 16:20:07,039 [INFO ]  beta_schedule:linear
2026-03-09 16:20:07,043 [INFO ]  sde:ve
2026-03-09 16:20:07,047 [INFO ]  ve_sde_sigma_min:0.1
2026-03-09 16:20:07,051 [INFO ]  ve_sde_sigma_max:5
2026-03-09 16:20:07,055 [INFO ]  net_3D:False
2026-03-09 16:20:07,059 [INFO ]  lambda_l1:1
2026-03-09 16:20:07,061 [INFO ]  lambda_r2r:1
2026-03-09 16:20:07,065 [INFO ]  eps_r2r:0.025
2026-03-09 16:20:07,070 [INFO ]  alpha_r2r:0.5
2026-03-09 16:20:07,074 [INFO ]  lambda_n2s:1
2026-03-09 16:20:07,078 [INFO ]  lambda_c2s_sc_model:1
2026-03-09 16:20:07,082 [INFO ]  lambda_mse:1
2026-03-09 16:20:07,086 [INFO ]  lambda_perceptual:1
2026-03-09 16:20:07,091 [INFO ]  lambda_adv:0.005
2026-03-09 16:20:07,094 [INFO ]  lambda_noise2score_loss:1
2026-03-09 16:20:07,098 [INFO ]  lambda_d2s_sft_mse:1.0
2026-03-09 16:20:07,102 [INFO ]  lambda_d2s_sft_l1:1
2026-03-09 16:20:07,107 [INFO ]  lambda_d2s_sft_sobel:0.5
2026-03-09 16:20:07,111 [INFO ]  resume:/u/jtu9/scratch/NTR/contests/raim_mef/raim_mef_phase2c/snapshot/net_final.pth
2026-03-09 16:20:07,115 [INFO ]  resume_optim:
2026-03-09 16:20:07,119 [INFO ]  resume_scheduler:
2026-03-09 16:20:07,123 [INFO ]  auto_normalize:True
2026-03-09 16:20:07,127 [INFO ]  log_freq:10
2026-03-09 16:20:07,135 [INFO ]  vis_freq:999999
2026-03-09 16:20:07,139 [INFO ]  vis_freq_test:10
2026-03-09 16:20:07,143 [INFO ]  save_epoch_freq:50
2026-03-09 16:20:07,147 [INFO ]  test_freq:999
2026-03-09 16:20:07,151 [INFO ]  save_folder:/u/jtu9/scratch/NTR/contests/raim_mef/raim_mef_phase2j
2026-03-09 16:20:07,155 [INFO ]  vis_step_freq:100
2026-03-09 16:20:07,159 [INFO ]  use_tb_logger:False
2026-03-09 16:20:07,163 [INFO ]  save_test_results:False
2026-03-09 16:20:07,167 [INFO ]  best_metric:psnr
2026-03-09 16:20:07,171 [INFO ]  eval_lpips:False
2026-03-09 16:20:07,175 [INFO ]  noise_model:False
2026-03-09 16:20:07,179 [INFO ]  estimate_sigma:False
2026-03-09 16:20:07,183 [INFO ]  noise_std:0.098
2026-03-09 16:20:07,187 [INFO ]  mc_inference:False
2026-03-09 16:20:07,191 [INFO ]  mc_noise_scale:0.001
2026-03-09 16:20:07,195 [INFO ]  random_mcnoise_inference:False
2026-03-09 16:20:07,199 [INFO ]  mc_samples:10
2026-03-09 16:20:07,203 [INFO ]  ambient:False
2026-03-09 16:20:07,207 [INFO ]  refine:False
2026-03-09 16:20:07,211 [INFO ]  lambda_refinement:0.1
2026-03-09 16:20:07,215 [INFO ]  target_snr_ratio:0
2026-03-09 16:20:07,219 [INFO ]  random_target_snr_ratio:False
2026-03-09 16:20:07,224 [INFO ]  sigma_annealing:2304
2026-03-09 16:20:07,229 [INFO ]  sigma_max_noise2score:0.5
2026-03-09 16:20:07,234 [INFO ]  sigma_min_noise2score:0.01
2026-03-09 16:20:07,238 [INFO ]  modal_num:0
2026-03-09 16:20:07,242 [INFO ]  ema:True
2026-03-09 16:20:07,246 [INFO ]  ema_decay:0.999
2026-03-09 16:20:07,250 [INFO ]  traindata_root:/u/jtu9/scratch/dataset/NTR/Raim_Mef/train
2026-03-09 16:20:07,254 [INFO ]  traindata_roots:None
2026-03-09 16:20:07,258 [INFO ]  testdata_root:/u/jtu9/scratch/dataset/NTR/Raim_Mef/train
2026-03-09 16:20:07,262 [INFO ]  eval_noised_data_path:None
2026-03-09 16:20:07,266 [INFO ]  noise_sig:50
2026-03-09 16:20:07,271 [INFO ]  patch_num:1
2026-03-09 16:20:07,283 [INFO ]  lr:1e-05
2026-03-09 16:20:07,289 [INFO ]  sig_max:50
2026-03-09 16:20:07,299 [INFO ]  sig_min:0.01
2026-03-09 16:20:07,302 [INFO ]  target_size:256
2026-03-09 16:20:07,305 [INFO ]  shuffle:True
2026-03-09 16:20:07,308 [INFO ]  eval_freq:5
2026-03-09 16:20:07,311 [INFO ]  augment:True
2026-03-09 16:20:07,318 [INFO ]  use_wandb:True
2026-03-09 16:20:07,322 [INFO ]  train_id:noise2score_run
2026-03-09 16:20:07,326 [INFO ]  rgb:False
2026-03-09 16:20:07,330 [INFO ]  use_grayscale:False
2026-03-09 16:20:07,334 [INFO ]  DSM:False
2026-03-09 16:20:07,339 [INFO ]  use_dsm_weighting:True
2026-03-09 16:20:07,343 [INFO ]  enable_full_image:False
2026-03-09 16:20:07,346 [INFO ]  patch_size:256
2026-03-09 16:20:07,348 [INFO ]  stride:384
2026-03-09 16:20:07,354 [INFO ]  full:False
2026-03-09 16:20:07,358 [INFO ]  use_subset:True
2026-03-09 16:20:07,361 [INFO ]  train_subset_fraction:1.0
2026-03-09 16:20:07,365 [INFO ]  test_subset_fraction:1.0
2026-03-09 16:20:07,369 [INFO ]  val_scene_fraction:0.1
2026-03-09 16:20:07,372 [INFO ]  random_exposure_subset:False
2026-03-09 16:20:07,377 [INFO ]  keep_extreme_exposures:False
2026-03-09 16:20:07,381 [INFO ]  dist:False
2026-03-09 16:20:07,385 [INFO ]  rank:-1
2026-03-09 16:20:07,388 [INFO ]  vis_save_dir:/u/jtu9/scratch/NTR/contests/raim_mef/raim_mef_phase2j/vis
2026-03-09 16:20:07,394 [INFO ]  snapshot_save_dir:/u/jtu9/scratch/NTR/contests/raim_mef/raim_mef_phase2j/snapshot
2026-03-09 16:20:10,888 [INFO ]  ----- network parameters: 142.522672 -----
2026-03-09 16:20:10,890 [INFO ]  init criterion and optimizer...
Setting up [LPIPS] perceptual loss: trunk [alex], v[0.1], spatial [off]
Loading model from: /u/jtu9/.conda/envs/ntire2025/lib/python3.10/site-packages/lpips/weights/v0.1/alex.pth
2026-03-09 16:20:11,510 [INFO ]    using composite loss (L1=1.00 + SSIM=1.00 + LPIPS=0.80 + GRAD=0.00 + SAT=0.00)...
2026-03-09 16:20:11,714 [INFO ]  training on  ...fastMRI
2026-03-09 16:20:11,921 [INFO ]  90 training samples
2026-03-09 16:20:12,129 [INFO ]  the init lr: 0.000010
2026-03-09 16:20:12,343 [INFO ]  current_lr: 0.000010
2026-03-09 16:20:33,422 [INFO ]  epoch:000 step:0000  L1:0.0290 SSIM:0.0516(0.9484) LPIPS:0.0828 GRAD:0.0000 SAT:0.0000 2.087550s/batch
2026-03-09 16:20:38,454 [INFO ]  epoch:000 step:0010  L1:0.0485 SSIM:0.1172(0.8828) LPIPS:0.1306 GRAD:0.0000 SAT:0.0000 0.482557s/batch
2026-03-09 16:20:42,688 [INFO ]  epoch:000 step:0020  L1:0.0944 SSIM:0.1393(0.8607) LPIPS:0.0997 GRAD:0.0000 SAT:0.0000 0.422575s/batch
2026-03-09 16:21:01,251 [INFO ]  Saving state, epoch: 0 iter:0
2026-03-09 16:35:31,075 [INFO ]  current_lr: 0.000010
2026-03-09 16:35:33,390 [INFO ]  epoch:001 step:0000  L1:0.0634 SSIM:0.0938(0.9062) LPIPS:0.0877 GRAD:0.0000 SAT:0.0000 0.229980s/batch
2026-03-09 16:35:37,930 [INFO ]  epoch:001 step:0010  L1:0.0834 SSIM:0.2495(0.7505) LPIPS:0.1106 GRAD:0.0000 SAT:0.0000 0.453682s/batch
2026-03-09 16:35:42,170 [INFO ]  epoch:001 step:0020  L1:0.0291 SSIM:0.1075(0.8925) LPIPS:0.0626 GRAD:0.0000 SAT:0.0000 0.423809s/batch
2026-03-09 16:35:42,740 [INFO ]  current_lr: 0.000010
2026-03-09 16:35:45,573 [INFO ]  epoch:002 step:0000  L1:0.0584 SSIM:0.1022(0.8978) LPIPS:0.1006 GRAD:0.0000 SAT:0.0000 0.262684s/batch
2026-03-09 16:35:50,261 [INFO ]  epoch:002 step:0010  L1:0.0676 SSIM:0.1183(0.8817) LPIPS:0.0855 GRAD:0.0000 SAT:0.0000 0.468341s/batch
2026-03-09 16:35:54,633 [INFO ]  epoch:002 step:0020  L1:0.0436 SSIM:0.1891(0.8109) LPIPS:0.1042 GRAD:0.0000 SAT:0.0000 0.416673s/batch
2026-03-09 16:35:55,360 [INFO ]  current_lr: 0.000010
2026-03-09 16:35:56,664 [INFO ]  epoch:003 step:0000  L1:0.0458 SSIM:0.0583(0.9417) LPIPS:0.0517 GRAD:0.0000 SAT:0.0000 0.130175s/batch
2026-03-09 16:36:01,757 [INFO ]  epoch:003 step:0010  L1:0.0544 SSIM:0.0521(0.9479) LPIPS:0.0459 GRAD:0.0000 SAT:0.0000 0.508642s/batch
2026-03-09 16:36:06,049 [INFO ]  epoch:003 step:0020  L1:0.0432 SSIM:0.1000(0.9000) LPIPS:0.0792 GRAD:0.0000 SAT:0.0000 0.428747s/batch
2026-03-09 16:36:06,787 [INFO ]  current_lr: 0.000010
2026-03-09 16:36:08,610 [INFO ]  epoch:004 step:0000  L1:0.0503 SSIM:0.0491(0.9509) LPIPS:0.0430 GRAD:0.0000 SAT:0.0000 0.161560s/batch
2026-03-09 16:36:14,571 [INFO ]  epoch:004 step:0010  L1:0.0623 SSIM:0.1015(0.8985) LPIPS:0.1008 GRAD:0.0000 SAT:0.0000 0.595680s/batch
2026-03-09 16:36:18,849 [INFO ]  epoch:004 step:0020  L1:0.0537 SSIM:0.1414(0.8586) LPIPS:0.0905 GRAD:0.0000 SAT:0.0000 0.427604s/batch
2026-03-09 16:36:19,793 [INFO ]  current_lr: 0.000010
2026-03-09 16:36:20,969 [INFO ]  epoch:005 step:0000  L1:0.0394 SSIM:0.0774(0.9226) LPIPS:0.0670 GRAD:0.0000 SAT:0.0000 0.117366s/batch
2026-03-09 16:36:27,593 [INFO ]  epoch:005 step:0010  L1:0.0623 SSIM:0.1267(0.8733) LPIPS:0.1197 GRAD:0.0000 SAT:0.0000 0.662175s/batch
2026-03-09 16:36:31,867 [INFO ]  epoch:005 step:0020  L1:0.0658 SSIM:0.1393(0.8607) LPIPS:0.1131 GRAD:0.0000 SAT:0.0000 0.427147s/batch
2026-03-09 16:36:32,631 [INFO ]  current_lr: 0.000010
2026-03-09 16:36:34,257 [INFO ]  epoch:006 step:0000  L1:0.0319 SSIM:0.0356(0.9644) LPIPS:0.0325 GRAD:0.0000 SAT:0.0000 0.162261s/batch
2026-03-09 16:36:39,209 [INFO ]  epoch:006 step:0010  L1:0.0438 SSIM:0.0682(0.9318) LPIPS:0.0496 GRAD:0.0000 SAT:0.0000 0.494807s/batch
2026-03-09 16:36:43,730 [INFO ]  epoch:006 step:0020  L1:0.0661 SSIM:0.2049(0.7951) LPIPS:0.1070 GRAD:0.0000 SAT:0.0000 0.431166s/batch
2026-03-09 16:36:44,491 [INFO ]  current_lr: 0.000010
2026-03-09 16:36:47,078 [INFO ]  epoch:007 step:0000  L1:0.0390 SSIM:0.0444(0.9556) LPIPS:0.0589 GRAD:0.0000 SAT:0.0000 0.258420s/batch
2026-03-09 16:36:51,714 [INFO ]  epoch:007 step:0010  L1:0.0563 SSIM:0.0999(0.9001) LPIPS:0.1013 GRAD:0.0000 SAT:0.0000 0.462931s/batch
2026-03-09 16:36:55,295 [INFO ]  epoch:007 step:0020  L1:0.0909 SSIM:0.0898(0.9102) LPIPS:0.0489 GRAD:0.0000 SAT:0.0000 0.357604s/batch
2026-03-09 16:36:55,835 [INFO ]  current_lr: 0.000010
2026-03-09 16:36:57,668 [INFO ]  epoch:008 step:0000  L1:0.0448 SSIM:0.1531(0.8469) LPIPS:0.0780 GRAD:0.0000 SAT:0.0000 0.183082s/batch
2026-03-09 16:37:03,199 [INFO ]  epoch:008 step:0010  L1:0.0586 SSIM:0.1264(0.8736) LPIPS:0.1176 GRAD:0.0000 SAT:0.0000 0.552714s/batch
2026-03-09 16:37:07,722 [INFO ]  epoch:008 step:0020  L1:0.0519 SSIM:0.1268(0.8732) LPIPS:0.0611 GRAD:0.0000 SAT:0.0000 0.452127s/batch
2026-03-09 16:37:08,643 [INFO ]  current_lr: 0.000010
2026-03-09 16:37:10,606 [INFO ]  epoch:009 step:0000  L1:0.0496 SSIM:0.0819(0.9181) LPIPS:0.0679 GRAD:0.0000 SAT:0.0000 0.196127s/batch
2026-03-09 16:37:16,734 [INFO ]  epoch:009 step:0010  L1:0.0567 SSIM:0.0564(0.9436) LPIPS:0.0613 GRAD:0.0000 SAT:0.0000 0.612318s/batch
2026-03-09 16:37:21,604 [INFO ]  epoch:009 step:0020  L1:0.0412 SSIM:0.0339(0.9661) LPIPS:0.0429 GRAD:0.0000 SAT:0.0000 0.486092s/batch
2026-03-09 16:37:22,260 [INFO ]  current_lr: 0.000010
2026-03-09 16:37:24,000 [INFO ]  epoch:010 step:0000  L1:0.0542 SSIM:0.0727(0.9273) LPIPS:0.0535 GRAD:0.0000 SAT:0.0000 0.153362s/batch
2026-03-09 16:37:30,017 [INFO ]  epoch:010 step:0010  L1:0.0418 SSIM:0.1215(0.8785) LPIPS:0.0691 GRAD:0.0000 SAT:0.0000 0.601190s/batch
2026-03-09 16:37:33,934 [INFO ]  epoch:010 step:0020  L1:0.0568 SSIM:0.1980(0.8020) LPIPS:0.1222 GRAD:0.0000 SAT:0.0000 0.391472s/batch
2026-03-09 16:37:34,666 [INFO ]  current_lr: 0.000010
2026-03-09 16:37:36,975 [INFO ]  epoch:011 step:0000  L1:0.0686 SSIM:0.0925(0.9075) LPIPS:0.0720 GRAD:0.0000 SAT:0.0000 0.230712s/batch
2026-03-09 16:37:41,438 [INFO ]  epoch:011 step:0010  L1:0.0522 SSIM:0.0954(0.9046) LPIPS:0.0762 GRAD:0.0000 SAT:0.0000 0.445872s/batch
2026-03-09 16:37:45,010 [INFO ]  epoch:011 step:0020  L1:0.0612 SSIM:0.1407(0.8593) LPIPS:0.0898 GRAD:0.0000 SAT:0.0000 0.356804s/batch
2026-03-09 16:37:45,929 [INFO ]  current_lr: 0.000010
2026-03-09 16:37:48,636 [INFO ]  epoch:012 step:0000  L1:0.0316 SSIM:0.1089(0.8911) LPIPS:0.1045 GRAD:0.0000 SAT:0.0000 0.249725s/batch
2026-03-09 16:37:53,129 [INFO ]  epoch:012 step:0010  L1:0.0593 SSIM:0.0783(0.9217) LPIPS:0.0663 GRAD:0.0000 SAT:0.0000 0.449097s/batch
2026-03-09 16:37:57,744 [INFO ]  epoch:012 step:0020  L1:0.0446 SSIM:0.0962(0.9038) LPIPS:0.0737 GRAD:0.0000 SAT:0.0000 0.461297s/batch
2026-03-09 16:37:58,444 [INFO ]  current_lr: 0.000010
2026-03-09 16:38:01,226 [INFO ]  epoch:013 step:0000  L1:0.0345 SSIM:0.0591(0.9409) LPIPS:0.0489 GRAD:0.0000 SAT:0.0000 0.277932s/batch
2026-03-09 16:38:07,823 [INFO ]  epoch:013 step:0010  L1:0.0663 SSIM:0.1659(0.8341) LPIPS:0.1366 GRAD:0.0000 SAT:0.0000 0.659517s/batch
2026-03-09 16:38:10,519 [INFO ]  epoch:013 step:0020  L1:0.0420 SSIM:0.0546(0.9454) LPIPS:0.0564 GRAD:0.0000 SAT:0.0000 0.269176s/batch
2026-03-09 16:38:11,222 [INFO ]  current_lr: 0.000010
2026-03-09 16:38:13,352 [INFO ]  epoch:014 step:0000  L1:0.0413 SSIM:0.0735(0.9265) LPIPS:0.0993 GRAD:0.0000 SAT:0.0000 0.212761s/batch
2026-03-09 16:38:17,996 [INFO ]  epoch:014 step:0010  L1:0.0354 SSIM:0.0487(0.9513) LPIPS:0.0764 GRAD:0.0000 SAT:0.0000 0.464173s/batch
2026-03-09 16:38:22,396 [INFO ]  epoch:014 step:0020  L1:0.0435 SSIM:0.1116(0.8884) LPIPS:0.0953 GRAD:0.0000 SAT:0.0000 0.419196s/batch
2026-03-09 16:38:23,148 [INFO ]  current_lr: 0.000010
2026-03-09 16:38:25,138 [INFO ]  epoch:015 step:0000  L1:0.0544 SSIM:0.0210(0.9790) LPIPS:0.0727 GRAD:0.0000 SAT:0.0000 0.178465s/batch
2026-03-09 16:38:30,255 [INFO ]  epoch:015 step:0010  L1:0.0579 SSIM:0.1340(0.8660) LPIPS:0.0872 GRAD:0.0000 SAT:0.0000 0.511506s/batch
2026-03-09 16:38:35,164 [INFO ]  epoch:015 step:0020  L1:0.0355 SSIM:0.0908(0.9092) LPIPS:0.0492 GRAD:0.0000 SAT:0.0000 0.490672s/batch
2026-03-09 16:38:35,918 [INFO ]  current_lr: 0.000010
2026-03-09 16:38:38,357 [INFO ]  epoch:016 step:0000  L1:0.0590 SSIM:0.0600(0.9400) LPIPS:0.0470 GRAD:0.0000 SAT:0.0000 0.223575s/batch
2026-03-09 16:38:42,918 [INFO ]  epoch:016 step:0010  L1:0.0422 SSIM:0.1351(0.8649) LPIPS:0.0839 GRAD:0.0000 SAT:0.0000 0.455837s/batch
2026-03-09 16:38:47,487 [INFO ]  epoch:016 step:0020  L1:0.0336 SSIM:0.0619(0.9381) LPIPS:0.0534 GRAD:0.0000 SAT:0.0000 0.456693s/batch
2026-03-09 16:38:48,247 [INFO ]  current_lr: 0.000010
2026-03-09 16:38:50,725 [INFO ]  epoch:017 step:0000  L1:0.0699 SSIM:0.0998(0.9002) LPIPS:0.1067 GRAD:0.0000 SAT:0.0000 0.227552s/batch
2026-03-09 16:38:56,279 [INFO ]  epoch:017 step:0010  L1:0.0442 SSIM:0.1601(0.8399) LPIPS:0.0993 GRAD:0.0000 SAT:0.0000 0.555223s/batch
2026-03-09 16:39:00,734 [INFO ]  epoch:017 step:0020  L1:0.0407 SSIM:0.0669(0.9331) LPIPS:0.0521 GRAD:0.0000 SAT:0.0000 0.425139s/batch
2026-03-09 16:39:01,649 [INFO ]  current_lr: 0.000010
2026-03-09 16:39:03,617 [INFO ]  epoch:018 step:0000  L1:0.0481 SSIM:0.0883(0.9117) LPIPS:0.0661 GRAD:0.0000 SAT:0.0000 0.196588s/batch
2026-03-09 16:39:08,526 [INFO ]  epoch:018 step:0010  L1:0.0439 SSIM:0.0625(0.9375) LPIPS:0.0473 GRAD:0.0000 SAT:0.0000 0.449277s/batch
2026-03-09 16:39:12,833 [INFO ]  epoch:018 step:0020  L1:0.0575 SSIM:0.0944(0.9056) LPIPS:0.0665 GRAD:0.0000 SAT:0.0000 0.430133s/batch
2026-03-09 16:39:13,794 [INFO ]  current_lr: 0.000010
2026-03-09 16:39:16,931 [INFO ]  epoch:019 step:0000  L1:0.0487 SSIM:0.0683(0.9317) LPIPS:0.0558 GRAD:0.0000 SAT:0.0000 0.313453s/batch
2026-03-09 16:39:21,031 [INFO ]  epoch:019 step:0010  L1:0.0469 SSIM:0.1854(0.8146) LPIPS:0.1161 GRAD:0.0000 SAT:0.0000 0.409626s/batch
2026-03-09 16:39:25,185 [INFO ]  epoch:019 step:0020  L1:0.0582 SSIM:0.0796(0.9204) LPIPS:0.0413 GRAD:0.0000 SAT:0.0000 0.415211s/batch
2026-03-09 16:39:25,947 [INFO ]  current_lr: 0.000010
2026-03-09 16:39:27,859 [INFO ]  epoch:020 step:0000  L1:0.0443 SSIM:0.0484(0.9516) LPIPS:0.0312 GRAD:0.0000 SAT:0.0000 0.170605s/batch
2026-03-09 16:39:32,948 [INFO ]  epoch:020 step:0010  L1:0.0510 SSIM:0.1166(0.8834) LPIPS:0.1067 GRAD:0.0000 SAT:0.0000 0.488152s/batch
2026-03-09 16:39:37,616 [INFO ]  epoch:020 step:0020  L1:0.0434 SSIM:0.0853(0.9147) LPIPS:0.0672 GRAD:0.0000 SAT:0.0000 0.446095s/batch
2026-03-09 16:39:38,274 [INFO ]  current_lr: 0.000010
2026-03-09 16:39:41,226 [INFO ]  epoch:021 step:0000  L1:0.0671 SSIM:0.1284(0.8716) LPIPS:0.0830 GRAD:0.0000 SAT:0.0000 0.274401s/batch
2026-03-09 16:39:46,762 [INFO ]  epoch:021 step:0010  L1:0.0910 SSIM:0.1520(0.8480) LPIPS:0.1084 GRAD:0.0000 SAT:0.0000 0.532798s/batch
2026-03-09 16:39:50,868 [INFO ]  epoch:021 step:0020  L1:0.0665 SSIM:0.0891(0.9109) LPIPS:0.0873 GRAD:0.0000 SAT:0.0000 0.410430s/batch
2026-03-09 16:39:51,768 [INFO ]  current_lr: 0.000010
2026-03-09 16:39:54,362 [INFO ]  epoch:022 step:0000  L1:0.0641 SSIM:0.1097(0.8903) LPIPS:0.0868 GRAD:0.0000 SAT:0.0000 0.239184s/batch
2026-03-09 16:39:59,159 [INFO ]  epoch:022 step:0010  L1:0.0379 SSIM:0.0834(0.9166) LPIPS:0.0538 GRAD:0.0000 SAT:0.0000 0.458340s/batch
2026-03-09 16:40:02,881 [INFO ]  epoch:022 step:0020  L1:0.0913 SSIM:0.1265(0.8735) LPIPS:0.0920 GRAD:0.0000 SAT:0.0000 0.371979s/batch
2026-03-09 16:40:03,808 [INFO ]  current_lr: 0.000010
2026-03-09 16:40:06,094 [INFO ]  epoch:023 step:0000  L1:0.0528 SSIM:0.2159(0.7841) LPIPS:0.1016 GRAD:0.0000 SAT:0.0000 0.208437s/batch
2026-03-09 16:40:11,585 [INFO ]  epoch:023 step:0010  L1:0.0516 SSIM:0.1353(0.8647) LPIPS:0.0834 GRAD:0.0000 SAT:0.0000 0.548852s/batch
2026-03-09 16:40:16,067 [INFO ]  epoch:023 step:0020  L1:0.0649 SSIM:0.1409(0.8591) LPIPS:0.0722 GRAD:0.0000 SAT:0.0000 0.427397s/batch
2026-03-09 16:40:16,804 [INFO ]  current_lr: 0.000010
2026-03-09 16:40:19,347 [INFO ]  epoch:024 step:0000  L1:0.0621 SSIM:0.1195(0.8805) LPIPS:0.1212 GRAD:0.0000 SAT:0.0000 0.253852s/batch
2026-03-09 16:40:26,253 [INFO ]  epoch:024 step:0010  L1:0.0423 SSIM:0.0618(0.9382) LPIPS:0.0462 GRAD:0.0000 SAT:0.0000 0.669935s/batch
2026-03-09 16:40:30,539 [INFO ]  epoch:024 step:0020  L1:0.0483 SSIM:0.1483(0.8517) LPIPS:0.0907 GRAD:0.0000 SAT:0.0000 0.408221s/batch
2026-03-09 16:40:31,483 [INFO ]  current_lr: 0.000010
2026-03-09 16:40:33,359 [INFO ]  epoch:025 step:0000  L1:0.0421 SSIM:0.0840(0.9160) LPIPS:0.0529 GRAD:0.0000 SAT:0.0000 0.187395s/batch
2026-03-09 16:40:39,026 [INFO ]  epoch:025 step:0010  L1:0.0496 SSIM:0.0985(0.9015) LPIPS:0.0891 GRAD:0.0000 SAT:0.0000 0.546351s/batch
2026-03-09 16:40:43,428 [INFO ]  epoch:025 step:0020  L1:0.0409 SSIM:0.0629(0.9371) LPIPS:0.0382 GRAD:0.0000 SAT:0.0000 0.419494s/batch
2026-03-09 16:40:44,187 [INFO ]  current_lr: 0.000010
2026-03-09 16:40:45,886 [INFO ]  epoch:026 step:0000  L1:0.0443 SSIM:0.1796(0.8204) LPIPS:0.0791 GRAD:0.0000 SAT:0.0000 0.169733s/batch
2026-03-09 16:40:50,330 [INFO ]  epoch:026 step:0010  L1:0.0547 SSIM:0.0924(0.9076) LPIPS:0.0448 GRAD:0.0000 SAT:0.0000 0.423952s/batch
2026-03-09 16:40:54,663 [INFO ]  epoch:026 step:0020  L1:0.1246 SSIM:0.1364(0.8636) LPIPS:0.0880 GRAD:0.0000 SAT:0.0000 0.432987s/batch
2026-03-09 16:40:55,593 [INFO ]  current_lr: 0.000010
2026-03-09 16:40:57,577 [INFO ]  epoch:027 step:0000  L1:0.0346 SSIM:0.0563(0.9437) LPIPS:0.0553 GRAD:0.0000 SAT:0.0000 0.197811s/batch
2026-03-09 16:41:02,333 [INFO ]  epoch:027 step:0010  L1:0.0440 SSIM:0.0441(0.9559) LPIPS:0.0534 GRAD:0.0000 SAT:0.0000 0.454764s/batch
2026-03-09 16:41:07,199 [INFO ]  epoch:027 step:0020  L1:0.0406 SSIM:0.0752(0.9248) LPIPS:0.0647 GRAD:0.0000 SAT:0.0000 0.486127s/batch
2026-03-09 16:41:07,971 [INFO ]  current_lr: 0.000010
2026-03-09 16:41:10,174 [INFO ]  epoch:028 step:0000  L1:0.0544 SSIM:0.1502(0.8498) LPIPS:0.1557 GRAD:0.0000 SAT:0.0000 0.220020s/batch
2026-03-09 16:41:14,935 [INFO ]  epoch:028 step:0010  L1:0.0624 SSIM:0.0522(0.9478) LPIPS:0.0735 GRAD:0.0000 SAT:0.0000 0.475920s/batch
2026-03-09 16:41:19,259 [INFO ]  epoch:028 step:0020  L1:0.0758 SSIM:0.1265(0.8735) LPIPS:0.0929 GRAD:0.0000 SAT:0.0000 0.412128s/batch
2026-03-09 16:41:20,011 [INFO ]  current_lr: 0.000010
2026-03-09 16:41:23,264 [INFO ]  epoch:029 step:0000  L1:0.0655 SSIM:0.1059(0.8941) LPIPS:0.0844 GRAD:0.0000 SAT:0.0000 0.304677s/batch
2026-03-09 16:41:27,884 [INFO ]  epoch:029 step:0010  L1:0.0304 SSIM:0.0570(0.9430) LPIPS:0.0511 GRAD:0.0000 SAT:0.0000 0.461836s/batch
2026-03-09 16:41:31,882 [INFO ]  epoch:029 step:0020  L1:0.0472 SSIM:0.1467(0.8533) LPIPS:0.1143 GRAD:0.0000 SAT:0.0000 0.399400s/batch
2026-03-09 16:41:32,557 [INFO ]  current_lr: 0.000010
2026-03-09 16:41:35,022 [INFO ]  epoch:030 step:0000  L1:0.0664 SSIM:0.1020(0.8980) LPIPS:0.1048 GRAD:0.0000 SAT:0.0000 0.246301s/batch
2026-03-09 16:41:40,191 [INFO ]  epoch:030 step:0010  L1:0.0460 SSIM:0.1343(0.8657) LPIPS:0.0991 GRAD:0.0000 SAT:0.0000 0.516298s/batch
2026-03-09 16:41:44,043 [INFO ]  epoch:030 step:0020  L1:0.1864 SSIM:0.0870(0.9130) LPIPS:0.1047 GRAD:0.0000 SAT:0.0000 0.384932s/batch
2026-03-09 16:41:44,712 [INFO ]  current_lr: 0.000010
2026-03-09 16:41:47,075 [INFO ]  epoch:031 step:0000  L1:0.0708 SSIM:0.2671(0.7329) LPIPS:0.1598 GRAD:0.0000 SAT:0.0000 0.216131s/batch
2026-03-09 16:41:51,711 [INFO ]  epoch:031 step:0010  L1:0.0466 SSIM:0.0810(0.9190) LPIPS:0.0437 GRAD:0.0000 SAT:0.0000 0.463289s/batch
2026-03-09 16:41:56,153 [INFO ]  epoch:031 step:0020  L1:0.0357 SSIM:0.0666(0.9334) LPIPS:0.0593 GRAD:0.0000 SAT:0.0000 0.443642s/batch
2026-03-09 16:41:56,881 [INFO ]  current_lr: 0.000010
2026-03-09 16:41:59,309 [INFO ]  epoch:032 step:0000  L1:0.0480 SSIM:0.0817(0.9183) LPIPS:0.1090 GRAD:0.0000 SAT:0.0000 0.221926s/batch
2026-03-09 16:42:04,850 [INFO ]  epoch:032 step:0010  L1:0.0346 SSIM:0.0711(0.9289) LPIPS:0.0871 GRAD:0.0000 SAT:0.0000 0.553930s/batch
2026-03-09 16:42:09,599 [INFO ]  epoch:032 step:0020  L1:0.0595 SSIM:0.1903(0.8097) LPIPS:0.0879 GRAD:0.0000 SAT:0.0000 0.454048s/batch
2026-03-09 16:42:10,361 [INFO ]  current_lr: 0.000010
2026-03-09 16:42:12,945 [INFO ]  epoch:033 step:0000  L1:0.0486 SSIM:0.1930(0.8070) LPIPS:0.1468 GRAD:0.0000 SAT:0.0000 0.258196s/batch
2026-03-09 16:42:20,259 [INFO ]  epoch:033 step:0010  L1:0.0567 SSIM:0.0771(0.9229) LPIPS:0.0712 GRAD:0.0000 SAT:0.0000 0.731183s/batch
2026-03-09 16:42:24,765 [INFO ]  epoch:033 step:0020  L1:0.0513 SSIM:0.0691(0.9309) LPIPS:0.0447 GRAD:0.0000 SAT:0.0000 0.430003s/batch
2026-03-09 16:42:25,491 [INFO ]  current_lr: 0.000010
2026-03-09 16:42:27,035 [INFO ]  epoch:034 step:0000  L1:0.0301 SSIM:0.0469(0.9531) LPIPS:0.0589 GRAD:0.0000 SAT:0.0000 0.154151s/batch
2026-03-09 16:42:32,402 [INFO ]  epoch:034 step:0010  L1:0.0748 SSIM:0.0960(0.9040) LPIPS:0.1059 GRAD:0.0000 SAT:0.0000 0.536362s/batch
2026-03-09 16:42:36,805 [INFO ]  epoch:034 step:0020  L1:0.0643 SSIM:0.1546(0.8454) LPIPS:0.1039 GRAD:0.0000 SAT:0.0000 0.419454s/batch
2026-03-09 16:42:37,766 [INFO ]  current_lr: 0.000010
2026-03-09 16:42:40,712 [INFO ]  epoch:035 step:0000  L1:0.0644 SSIM:0.1211(0.8789) LPIPS:0.0889 GRAD:0.0000 SAT:0.0000 0.294426s/batch
2026-03-09 16:42:45,170 [INFO ]  epoch:035 step:0010  L1:0.0536 SSIM:0.1329(0.8671) LPIPS:0.0948 GRAD:0.0000 SAT:0.0000 0.445498s/batch
2026-03-09 16:42:49,504 [INFO ]  epoch:035 step:0020  L1:0.0497 SSIM:0.0681(0.9319) LPIPS:0.0738 GRAD:0.0000 SAT:0.0000 0.432623s/batch
2026-03-09 16:42:50,255 [INFO ]  current_lr: 0.000010
2026-03-09 16:42:52,549 [INFO ]  epoch:036 step:0000  L1:0.0789 SSIM:0.0685(0.9315) LPIPS:0.0724 GRAD:0.0000 SAT:0.0000 0.209221s/batch
2026-03-09 16:42:59,280 [INFO ]  epoch:036 step:0010  L1:0.0451 SSIM:0.0789(0.9211) LPIPS:0.0656 GRAD:0.0000 SAT:0.0000 0.672815s/batch
2026-03-09 16:43:03,615 [INFO ]  epoch:036 step:0020  L1:0.0500 SSIM:0.0756(0.9244) LPIPS:0.0450 GRAD:0.0000 SAT:0.0000 0.433229s/batch
2026-03-09 16:43:04,396 [INFO ]  current_lr: 0.000010
2026-03-09 16:43:06,804 [INFO ]  epoch:037 step:0000  L1:0.0400 SSIM:0.1293(0.8707) LPIPS:0.0967 GRAD:0.0000 SAT:0.0000 0.240573s/batch
2026-03-09 16:43:11,589 [INFO ]  epoch:037 step:0010  L1:0.0580 SSIM:0.1073(0.8927) LPIPS:0.0430 GRAD:0.0000 SAT:0.0000 0.457957s/batch
2026-03-09 16:43:15,849 [INFO ]  epoch:037 step:0020  L1:0.0968 SSIM:0.1007(0.8993) LPIPS:0.0734 GRAD:0.0000 SAT:0.0000 0.425841s/batch
2026-03-09 16:43:16,534 [INFO ]  current_lr: 0.000010
2026-03-09 16:43:18,476 [INFO ]  epoch:038 step:0000  L1:0.0443 SSIM:0.0854(0.9146) LPIPS:0.0707 GRAD:0.0000 SAT:0.0000 0.193963s/batch
2026-03-09 16:43:23,764 [INFO ]  epoch:038 step:0010  L1:0.0585 SSIM:0.1229(0.8771) LPIPS:0.1134 GRAD:0.0000 SAT:0.0000 0.508244s/batch
2026-03-09 16:43:28,637 [INFO ]  epoch:038 step:0020  L1:0.0470 SSIM:0.0946(0.9054) LPIPS:0.0543 GRAD:0.0000 SAT:0.0000 0.485937s/batch
2026-03-09 16:43:29,395 [INFO ]  current_lr: 0.000010
2026-03-09 16:43:30,922 [INFO ]  epoch:039 step:0000  L1:0.0543 SSIM:0.0904(0.9096) LPIPS:0.0389 GRAD:0.0000 SAT:0.0000 0.152424s/batch
2026-03-09 16:43:35,631 [INFO ]  epoch:039 step:0010  L1:0.0532 SSIM:0.1249(0.8751) LPIPS:0.1094 GRAD:0.0000 SAT:0.0000 0.470296s/batch
2026-03-09 16:43:39,972 [INFO ]  epoch:039 step:0020  L1:0.0623 SSIM:0.0622(0.9378) LPIPS:0.1082 GRAD:0.0000 SAT:0.0000 0.433756s/batch
2026-03-09 16:43:40,732 [INFO ]  current_lr: 0.000010
2026-03-09 16:43:42,936 [INFO ]  epoch:040 step:0000  L1:0.0551 SSIM:0.0843(0.9157) LPIPS:0.1049 GRAD:0.0000 SAT:0.0000 0.199933s/batch
2026-03-09 16:43:47,489 [INFO ]  epoch:040 step:0010  L1:0.0829 SSIM:0.2062(0.7938) LPIPS:0.1441 GRAD:0.0000 SAT:0.0000 0.434259s/batch
2026-03-09 16:43:51,329 [INFO ]  epoch:040 step:0020  L1:0.0236 SSIM:0.0483(0.9517) LPIPS:0.0272 GRAD:0.0000 SAT:0.0000 0.383735s/batch
2026-03-09 16:43:52,005 [INFO ]  current_lr: 0.000010
2026-03-09 16:43:54,455 [INFO ]  epoch:041 step:0000  L1:0.0441 SSIM:0.1106(0.8894) LPIPS:0.0662 GRAD:0.0000 SAT:0.0000 0.244792s/batch
2026-03-09 16:43:58,906 [INFO ]  epoch:041 step:0010  L1:0.0915 SSIM:0.0815(0.9185) LPIPS:0.0616 GRAD:0.0000 SAT:0.0000 0.444860s/batch
2026-03-09 16:44:03,270 [INFO ]  epoch:041 step:0020  L1:0.0591 SSIM:0.0842(0.9158) LPIPS:0.0570 GRAD:0.0000 SAT:0.0000 0.436077s/batch
2026-03-09 16:44:04,128 [INFO ]  current_lr: 0.000010
2026-03-09 16:44:05,770 [INFO ]  epoch:042 step:0000  L1:0.0333 SSIM:0.0721(0.9279) LPIPS:0.0462 GRAD:0.0000 SAT:0.0000 0.164048s/batch
2026-03-09 16:44:11,259 [INFO ]  epoch:042 step:0010  L1:0.1054 SSIM:0.1835(0.8165) LPIPS:0.0808 GRAD:0.0000 SAT:0.0000 0.548665s/batch
2026-03-09 16:44:15,378 [INFO ]  epoch:042 step:0020  L1:0.0669 SSIM:0.1388(0.8612) LPIPS:0.0989 GRAD:0.0000 SAT:0.0000 0.411631s/batch
2026-03-09 16:44:16,313 [INFO ]  current_lr: 0.000009
2026-03-09 16:44:18,208 [INFO ]  epoch:043 step:0000  L1:0.0636 SSIM:0.0618(0.9382) LPIPS:0.0789 GRAD:0.0000 SAT:0.0000 0.189197s/batch
2026-03-09 16:44:23,109 [INFO ]  epoch:043 step:0010  L1:0.1008 SSIM:0.1178(0.8822) LPIPS:0.1108 GRAD:0.0000 SAT:0.0000 0.489807s/batch
2026-03-09 16:44:27,414 [INFO ]  epoch:043 step:0020  L1:0.0452 SSIM:0.1025(0.8975) LPIPS:0.0699 GRAD:0.0000 SAT:0.0000 0.409985s/batch
2026-03-09 16:44:28,338 [INFO ]  current_lr: 0.000009
2026-03-09 16:44:30,456 [INFO ]  epoch:044 step:0000  L1:0.0530 SSIM:0.1424(0.8576) LPIPS:0.0831 GRAD:0.0000 SAT:0.0000 0.211590s/batch
2026-03-09 16:44:35,172 [INFO ]  epoch:044 step:0010  L1:0.0530 SSIM:0.0742(0.9258) LPIPS:0.0403 GRAD:0.0000 SAT:0.0000 0.450583s/batch
2026-03-09 16:44:39,959 [INFO ]  epoch:044 step:0020  L1:0.0413 SSIM:0.0731(0.9269) LPIPS:0.0450 GRAD:0.0000 SAT:0.0000 0.478339s/batch
2026-03-09 16:44:40,765 [INFO ]  current_lr: 0.000009
2026-03-09 16:44:42,887 [INFO ]  epoch:045 step:0000  L1:0.0497 SSIM:0.0926(0.9074) LPIPS:0.0524 GRAD:0.0000 SAT:0.0000 0.211893s/batch
2026-03-09 16:44:47,442 [INFO ]  epoch:045 step:0010  L1:0.0708 SSIM:0.1430(0.8570) LPIPS:0.0786 GRAD:0.0000 SAT:0.0000 0.454973s/batch
2026-03-09 16:44:51,613 [INFO ]  epoch:045 step:0020  L1:0.0669 SSIM:0.1124(0.8876) LPIPS:0.0534 GRAD:0.0000 SAT:0.0000 0.416797s/batch
2026-03-09 16:44:52,379 [INFO ]  current_lr: 0.000009
2026-03-09 16:44:54,671 [INFO ]  epoch:046 step:0000  L1:0.0611 SSIM:0.0663(0.9337) LPIPS:0.0598 GRAD:0.0000 SAT:0.0000 0.228956s/batch
2026-03-09 16:44:59,176 [INFO ]  epoch:046 step:0010  L1:0.0420 SSIM:0.2075(0.7925) LPIPS:0.1431 GRAD:0.0000 SAT:0.0000 0.450252s/batch
2026-03-09 16:45:03,499 [INFO ]  epoch:046 step:0020  L1:0.0559 SSIM:0.1326(0.8674) LPIPS:0.0957 GRAD:0.0000 SAT:0.0000 0.431973s/batch
2026-03-09 16:45:04,239 [INFO ]  current_lr: 0.000009
2026-03-09 16:45:05,791 [INFO ]  epoch:047 step:0000  L1:0.0320 SSIM:0.0427(0.9573) LPIPS:0.0449 GRAD:0.0000 SAT:0.0000 0.154953s/batch
2026-03-09 16:45:11,626 [INFO ]  epoch:047 step:0010  L1:0.0583 SSIM:0.0731(0.9269) LPIPS:0.0899 GRAD:0.0000 SAT:0.0000 0.583287s/batch
2026-03-09 16:45:15,907 [INFO ]  epoch:047 step:0020  L1:0.0507 SSIM:0.0823(0.9177) LPIPS:0.0596 GRAD:0.0000 SAT:0.0000 0.427935s/batch
2026-03-09 16:45:16,682 [INFO ]  current_lr: 0.000009
2026-03-09 16:45:19,106 [INFO ]  epoch:048 step:0000  L1:0.0577 SSIM:0.1283(0.8717) LPIPS:0.0857 GRAD:0.0000 SAT:0.0000 0.242008s/batch
2026-03-09 16:45:23,676 [INFO ]  epoch:048 step:0010  L1:0.0436 SSIM:0.1098(0.8902) LPIPS:0.0687 GRAD:0.0000 SAT:0.0000 0.456728s/batch
2026-03-09 16:45:28,412 [INFO ]  epoch:048 step:0020  L1:0.0601 SSIM:0.1235(0.8765) LPIPS:0.0651 GRAD:0.0000 SAT:0.0000 0.473305s/batch
2026-03-09 16:45:29,176 [INFO ]  current_lr: 0.000009
2026-03-09 16:45:30,816 [INFO ]  epoch:049 step:0000  L1:0.0522 SSIM:0.1422(0.8578) LPIPS:0.1033 GRAD:0.0000 SAT:0.0000 0.163701s/batch
2026-03-09 16:45:35,471 [INFO ]  epoch:049 step:0010  L1:0.0536 SSIM:0.2215(0.7785) LPIPS:0.0869 GRAD:0.0000 SAT:0.0000 0.465070s/batch
2026-03-09 16:45:40,832 [INFO ]  epoch:049 step:0020  L1:0.0459 SSIM:0.1105(0.8895) LPIPS:0.0686 GRAD:0.0000 SAT:0.0000 0.535750s/batch
2026-03-09 16:45:41,593 [INFO ]  current_lr: 0.000009
2026-03-09 16:45:43,706 [INFO ]  epoch:050 step:0000  L1:0.0325 SSIM:0.0754(0.9246) LPIPS:0.0619 GRAD:0.0000 SAT:0.0000 0.211048s/batch
2026-03-09 16:45:48,192 [INFO ]  epoch:050 step:0010  L1:0.0507 SSIM:0.1153(0.8847) LPIPS:0.1209 GRAD:0.0000 SAT:0.0000 0.447997s/batch
2026-03-09 16:45:52,529 [INFO ]  epoch:050 step:0020  L1:0.0461 SSIM:0.0673(0.9327) LPIPS:0.0514 GRAD:0.0000 SAT:0.0000 0.433510s/batch
2026-03-09 16:45:53,270 [INFO ]  Saving state, epoch: 50 iter:0
2026-03-09 17:02:14,081 [INFO ]  current_lr: 0.000009
2026-03-09 17:02:15,679 [INFO ]  epoch:051 step:0000  L1:0.0602 SSIM:0.0725(0.9275) LPIPS:0.0503 GRAD:0.0000 SAT:0.0000 0.159367s/batch
2026-03-09 17:02:20,023 [INFO ]  epoch:051 step:0010  L1:0.0335 SSIM:0.1053(0.8947) LPIPS:0.0718 GRAD:0.0000 SAT:0.0000 0.414147s/batch
2026-03-09 17:02:24,231 [INFO ]  epoch:051 step:0020  L1:0.0460 SSIM:0.0972(0.9028) LPIPS:0.0520 GRAD:0.0000 SAT:0.0000 0.420373s/batch
2026-03-09 17:02:24,865 [INFO ]  current_lr: 0.000009
2026-03-09 17:02:26,865 [INFO ]  epoch:052 step:0000  L1:0.0516 SSIM:0.1061(0.8939) LPIPS:0.0834 GRAD:0.0000 SAT:0.0000 0.199834s/batch
2026-03-09 17:02:31,211 [INFO ]  epoch:052 step:0010  L1:0.0442 SSIM:0.0541(0.9459) LPIPS:0.0247 GRAD:0.0000 SAT:0.0000 0.434360s/batch
2026-03-09 17:02:35,336 [INFO ]  epoch:052 step:0020  L1:0.0884 SSIM:0.2051(0.7949) LPIPS:0.1249 GRAD:0.0000 SAT:0.0000 0.412334s/batch
2026-03-09 17:02:36,009 [INFO ]  current_lr: 0.000009
2026-03-09 17:02:38,449 [INFO ]  epoch:053 step:0000  L1:0.0446 SSIM:0.0738(0.9262) LPIPS:0.0616 GRAD:0.0000 SAT:0.0000 0.222974s/batch
2026-03-09 17:02:43,016 [INFO ]  epoch:053 step:0010  L1:0.0811 SSIM:0.1356(0.8644) LPIPS:0.0866 GRAD:0.0000 SAT:0.0000 0.456530s/batch
2026-03-09 17:02:47,219 [INFO ]  epoch:053 step:0020  L1:0.0422 SSIM:0.0975(0.9025) LPIPS:0.0636 GRAD:0.0000 SAT:0.0000 0.419670s/batch
2026-03-09 17:02:47,967 [INFO ]  current_lr: 0.000009
2026-03-09 17:02:49,981 [INFO ]  epoch:054 step:0000  L1:0.0375 SSIM:0.0569(0.9431) LPIPS:0.0335 GRAD:0.0000 SAT:0.0000 0.181180s/batch
2026-03-09 17:02:54,474 [INFO ]  epoch:054 step:0010  L1:0.0564 SSIM:0.0990(0.9010) LPIPS:0.0889 GRAD:0.0000 SAT:0.0000 0.449094s/batch
2026-03-09 17:02:58,776 [INFO ]  epoch:054 step:0020  L1:0.0629 SSIM:0.1331(0.8669) LPIPS:0.0886 GRAD:0.0000 SAT:0.0000 0.429886s/batch
2026-03-09 17:02:59,513 [INFO ]  current_lr: 0.000009
2026-03-09 17:03:02,146 [INFO ]  epoch:055 step:0000  L1:0.0915 SSIM:0.0690(0.9310) LPIPS:0.0714 GRAD:0.0000 SAT:0.0000 0.263030s/batch
2026-03-09 17:03:06,689 [INFO ]  epoch:055 step:0010  L1:0.0300 SSIM:0.0624(0.9376) LPIPS:0.0617 GRAD:0.0000 SAT:0.0000 0.454122s/batch
2026-03-09 17:03:11,065 [INFO ]  epoch:055 step:0020  L1:0.0321 SSIM:0.0446(0.9554) LPIPS:0.0916 GRAD:0.0000 SAT:0.0000 0.416769s/batch
2026-03-09 17:03:11,805 [INFO ]  current_lr: 0.000009
2026-03-09 17:03:14,140 [INFO ]  epoch:056 step:0000  L1:0.0711 SSIM:0.1481(0.8519) LPIPS:0.1231 GRAD:0.0000 SAT:0.0000 0.233208s/batch
2026-03-09 17:03:18,337 [INFO ]  epoch:056 step:0010  L1:0.0446 SSIM:0.0682(0.9318) LPIPS:0.0488 GRAD:0.0000 SAT:0.0000 0.419513s/batch
2026-03-09 17:03:22,535 [INFO ]  epoch:056 step:0020  L1:0.0544 SSIM:0.0881(0.9119) LPIPS:0.0493 GRAD:0.0000 SAT:0.0000 0.398841s/batch
2026-03-09 17:03:23,277 [INFO ]  current_lr: 0.000009
2026-03-09 17:03:25,193 [INFO ]  epoch:057 step:0000  L1:0.0607 SSIM:0.1010(0.8990) LPIPS:0.0575 GRAD:0.0000 SAT:0.0000 0.191205s/batch
2026-03-09 17:03:29,683 [INFO ]  epoch:057 step:0010  L1:0.0647 SSIM:0.1038(0.8962) LPIPS:0.0669 GRAD:0.0000 SAT:0.0000 0.448691s/batch
2026-03-09 17:03:33,994 [INFO ]  epoch:057 step:0020  L1:0.0534 SSIM:0.1369(0.8631) LPIPS:0.1330 GRAD:0.0000 SAT:0.0000 0.430875s/batch
2026-03-09 17:03:34,683 [INFO ]  current_lr: 0.000009
2026-03-09 17:03:37,291 [INFO ]  epoch:058 step:0000  L1:0.0477 SSIM:0.1363(0.8637) LPIPS:0.0906 GRAD:0.0000 SAT:0.0000 0.260598s/batch
2026-03-09 17:03:41,875 [INFO ]  epoch:058 step:0010  L1:0.0621 SSIM:0.1443(0.8557) LPIPS:0.0770 GRAD:0.0000 SAT:0.0000 0.458033s/batch
2026-03-09 17:03:45,041 [INFO ]  epoch:058 step:0020  L1:0.0927 SSIM:0.1863(0.8137) LPIPS:0.0781 GRAD:0.0000 SAT:0.0000 0.316302s/batch
2026-03-09 17:03:45,677 [INFO ]  current_lr: 0.000009
2026-03-09 17:03:48,017 [INFO ]  epoch:059 step:0000  L1:0.0541 SSIM:0.1314(0.8686) LPIPS:0.0822 GRAD:0.0000 SAT:0.0000 0.213551s/batch
2026-03-09 17:03:53,399 [INFO ]  epoch:059 step:0010  L1:0.0558 SSIM:0.0796(0.9204) LPIPS:0.0705 GRAD:0.0000 SAT:0.0000 0.538013s/batch
2026-03-09 17:03:57,777 [INFO ]  epoch:059 step:0020  L1:0.0388 SSIM:0.1102(0.8898) LPIPS:0.0907 GRAD:0.0000 SAT:0.0000 0.437589s/batch
2026-03-09 17:03:58,729 [INFO ]  current_lr: 0.000009
2026-03-09 17:04:01,124 [INFO ]  epoch:060 step:0000  L1:0.0398 SSIM:0.0550(0.9450) LPIPS:0.0542 GRAD:0.0000 SAT:0.0000 0.239181s/batch
2026-03-09 17:04:05,230 [INFO ]  epoch:060 step:0010  L1:0.0766 SSIM:0.1003(0.8997) LPIPS:0.0621 GRAD:0.0000 SAT:0.0000 0.410446s/batch
2026-03-09 17:04:09,006 [INFO ]  epoch:060 step:0020  L1:0.0510 SSIM:0.1743(0.8257) LPIPS:0.0713 GRAD:0.0000 SAT:0.0000 0.377397s/batch
2026-03-09 17:04:09,847 [INFO ]  current_lr: 0.000009
2026-03-09 17:04:11,918 [INFO ]  epoch:061 step:0000  L1:0.0627 SSIM:0.1287(0.8713) LPIPS:0.0601 GRAD:0.0000 SAT:0.0000 0.186610s/batch
2026-03-09 17:04:15,980 [INFO ]  epoch:061 step:0010  L1:0.0648 SSIM:0.1237(0.8763) LPIPS:0.0954 GRAD:0.0000 SAT:0.0000 0.405985s/batch
2026-03-09 17:04:19,879 [INFO ]  epoch:061 step:0020  L1:0.0436 SSIM:0.1499(0.8501) LPIPS:0.0687 GRAD:0.0000 SAT:0.0000 0.389477s/batch
2026-03-09 17:04:20,541 [INFO ]  current_lr: 0.000009
2026-03-09 17:04:22,779 [INFO ]  epoch:062 step:0000  L1:0.0776 SSIM:0.0605(0.9395) LPIPS:0.0481 GRAD:0.0000 SAT:0.0000 0.223528s/batch
2026-03-09 17:04:26,950 [INFO ]  epoch:062 step:0010  L1:0.0624 SSIM:0.0733(0.9267) LPIPS:0.0535 GRAD:0.0000 SAT:0.0000 0.416715s/batch
2026-03-09 17:04:31,346 [INFO ]  epoch:062 step:0020  L1:0.0330 SSIM:0.0541(0.9459) LPIPS:0.0646 GRAD:0.0000 SAT:0.0000 0.439297s/batch
2026-03-09 17:04:32,331 [INFO ]  current_lr: 0.000009
2026-03-09 17:04:35,536 [INFO ]  epoch:063 step:0000  L1:0.0695 SSIM:0.1311(0.8689) LPIPS:0.0969 GRAD:0.0000 SAT:0.0000 0.320400s/batch
2026-03-09 17:04:39,767 [INFO ]  epoch:063 step:0010  L1:0.0457 SSIM:0.1217(0.8783) LPIPS:0.0654 GRAD:0.0000 SAT:0.0000 0.422784s/batch
2026-03-09 17:04:44,001 [INFO ]  epoch:063 step:0020  L1:0.0633 SSIM:0.1505(0.8495) LPIPS:0.0728 GRAD:0.0000 SAT:0.0000 0.403224s/batch
2026-03-09 17:04:44,689 [INFO ]  current_lr: 0.000009
2026-03-09 17:04:47,511 [INFO ]  epoch:064 step:0000  L1:0.0447 SSIM:0.0477(0.9523) LPIPS:0.0584 GRAD:0.0000 SAT:0.0000 0.261211s/batch
2026-03-09 17:04:53,082 [INFO ]  epoch:064 step:0010  L1:0.0735 SSIM:0.0859(0.9141) LPIPS:0.0795 GRAD:0.0000 SAT:0.0000 0.556892s/batch
2026-03-09 17:04:57,014 [INFO ]  epoch:064 step:0020  L1:0.0699 SSIM:0.0900(0.9100) LPIPS:0.0705 GRAD:0.0000 SAT:0.0000 0.392994s/batch
2026-03-09 17:04:57,761 [INFO ]  current_lr: 0.000009
2026-03-09 17:05:00,080 [INFO ]  epoch:065 step:0000  L1:0.0413 SSIM:0.0828(0.9172) LPIPS:0.0582 GRAD:0.0000 SAT:0.0000 0.211130s/batch
2026-03-09 17:05:05,302 [INFO ]  epoch:065 step:0010  L1:0.0287 SSIM:0.0375(0.9625) LPIPS:0.0474 GRAD:0.0000 SAT:0.0000 0.501138s/batch
2026-03-09 17:05:09,591 [INFO ]  epoch:065 step:0020  L1:0.0807 SSIM:0.0659(0.9341) LPIPS:0.0405 GRAD:0.0000 SAT:0.0000 0.428546s/batch
2026-03-09 17:05:10,532 [INFO ]  current_lr: 0.000009
2026-03-09 17:05:12,407 [INFO ]  epoch:066 step:0000  L1:0.0402 SSIM:0.0899(0.9101) LPIPS:0.0694 GRAD:0.0000 SAT:0.0000 0.187324s/batch
2026-03-09 17:05:17,372 [INFO ]  epoch:066 step:0010  L1:0.0383 SSIM:0.0662(0.9338) LPIPS:0.0914 GRAD:0.0000 SAT:0.0000 0.476153s/batch
2026-03-09 17:05:21,705 [INFO ]  epoch:066 step:0020  L1:0.0357 SSIM:0.0736(0.9264) LPIPS:0.0477 GRAD:0.0000 SAT:0.0000 0.432941s/batch
2026-03-09 17:05:22,660 [INFO ]  current_lr: 0.000009
2026-03-09 17:05:25,273 [INFO ]  epoch:067 step:0000  L1:0.0994 SSIM:0.2101(0.7899) LPIPS:0.0977 GRAD:0.0000 SAT:0.0000 0.260954s/batch
2026-03-09 17:05:29,734 [INFO ]  epoch:067 step:0010  L1:0.0497 SSIM:0.1257(0.8743) LPIPS:0.0586 GRAD:0.0000 SAT:0.0000 0.445897s/batch
2026-03-09 17:05:34,222 [INFO ]  epoch:067 step:0020  L1:0.1037 SSIM:0.2204(0.7796) LPIPS:0.1099 GRAD:0.0000 SAT:0.0000 0.428352s/batch
2026-03-09 17:05:34,972 [INFO ]  current_lr: 0.000009
2026-03-09 17:05:36,791 [INFO ]  epoch:068 step:0000  L1:0.0389 SSIM:0.0457(0.9543) LPIPS:0.0514 GRAD:0.0000 SAT:0.0000 0.181648s/batch
2026-03-09 17:05:42,004 [INFO ]  epoch:068 step:0010  L1:0.0634 SSIM:0.0931(0.9069) LPIPS:0.0607 GRAD:0.0000 SAT:0.0000 0.501080s/batch
2026-03-09 17:05:46,525 [INFO ]  epoch:068 step:0020  L1:0.0615 SSIM:0.1765(0.8235) LPIPS:0.1231 GRAD:0.0000 SAT:0.0000 0.431627s/batch
2026-03-09 17:05:47,281 [INFO ]  current_lr: 0.000009
2026-03-09 17:05:49,154 [INFO ]  epoch:069 step:0000  L1:0.0354 SSIM:0.0970(0.9030) LPIPS:0.0939 GRAD:0.0000 SAT:0.0000 0.187143s/batch
2026-03-09 17:05:53,731 [INFO ]  epoch:069 step:0010  L1:0.0393 SSIM:0.0312(0.9688) LPIPS:0.0577 GRAD:0.0000 SAT:0.0000 0.457540s/batch
2026-03-09 17:05:57,986 [INFO ]  epoch:069 step:0020  L1:0.0371 SSIM:0.0325(0.9675) LPIPS:0.0344 GRAD:0.0000 SAT:0.0000 0.425058s/batch
2026-03-09 17:05:58,706 [INFO ]  current_lr: 0.000009
2026-03-09 17:06:00,745 [INFO ]  epoch:070 step:0000  L1:0.0511 SSIM:0.1223(0.8777) LPIPS:0.0662 GRAD:0.0000 SAT:0.0000 0.203727s/batch
2026-03-09 17:06:05,281 [INFO ]  epoch:070 step:0010  L1:0.0453 SSIM:0.0624(0.9376) LPIPS:0.0727 GRAD:0.0000 SAT:0.0000 0.453150s/batch
2026-03-09 17:06:09,627 [INFO ]  epoch:070 step:0020  L1:0.0930 SSIM:0.1376(0.8624) LPIPS:0.0743 GRAD:0.0000 SAT:0.0000 0.434441s/batch
2026-03-09 17:06:10,567 [INFO ]  current_lr: 0.000009
2026-03-09 17:06:12,186 [INFO ]  epoch:071 step:0000  L1:0.0469 SSIM:0.1261(0.8739) LPIPS:0.1106 GRAD:0.0000 SAT:0.0000 0.161742s/batch
2026-03-09 17:06:16,259 [INFO ]  epoch:071 step:0010  L1:0.0269 SSIM:0.0398(0.9602) LPIPS:0.0497 GRAD:0.0000 SAT:0.0000 0.365734s/batch
2026-03-09 17:06:20,231 [INFO ]  epoch:071 step:0020  L1:0.0434 SSIM:0.0895(0.9105) LPIPS:0.0582 GRAD:0.0000 SAT:0.0000 0.397003s/batch
2026-03-09 17:06:20,932 [INFO ]  current_lr: 0.000009
2026-03-09 17:06:22,509 [INFO ]  epoch:072 step:0000  L1:0.0460 SSIM:0.0956(0.9044) LPIPS:0.0560 GRAD:0.0000 SAT:0.0000 0.137210s/batch
2026-03-09 17:06:27,229 [INFO ]  epoch:072 step:0010  L1:0.0513 SSIM:0.1252(0.8748) LPIPS:0.0842 GRAD:0.0000 SAT:0.0000 0.471823s/batch
2026-03-09 17:06:30,292 [INFO ]  epoch:072 step:0020  L1:0.0557 SSIM:0.0648(0.9352) LPIPS:0.0548 GRAD:0.0000 SAT:0.0000 0.285870s/batch
2026-03-09 17:06:31,506 [INFO ]  current_lr: 0.000009
2026-03-09 17:06:34,123 [INFO ]  epoch:073 step:0000  L1:0.0484 SSIM:0.0725(0.9275) LPIPS:0.0466 GRAD:0.0000 SAT:0.0000 0.261626s/batch
2026-03-09 17:06:37,572 [INFO ]  epoch:073 step:0010  L1:0.0579 SSIM:0.1362(0.8638) LPIPS:0.1016 GRAD:0.0000 SAT:0.0000 0.344603s/batch
2026-03-09 17:06:41,307 [INFO ]  epoch:073 step:0020  L1:0.0631 SSIM:0.1941(0.8059) LPIPS:0.1076 GRAD:0.0000 SAT:0.0000 0.373206s/batch
2026-03-09 17:06:42,011 [INFO ]  current_lr: 0.000009
2026-03-09 17:06:44,017 [INFO ]  epoch:074 step:0000  L1:0.0419 SSIM:0.1105(0.8895) LPIPS:0.0772 GRAD:0.0000 SAT:0.0000 0.179949s/batch
2026-03-09 17:06:49,177 [INFO ]  epoch:074 step:0010  L1:0.0406 SSIM:0.1143(0.8857) LPIPS:0.0837 GRAD:0.0000 SAT:0.0000 0.515912s/batch
2026-03-09 17:06:52,481 [INFO ]  epoch:074 step:0020  L1:0.0400 SSIM:0.0684(0.9316) LPIPS:0.0832 GRAD:0.0000 SAT:0.0000 0.330217s/batch
2026-03-09 17:06:52,990 [INFO ]  current_lr: 0.000008
2026-03-09 17:06:55,346 [INFO ]  epoch:075 step:0000  L1:0.0330 SSIM:0.0556(0.9444) LPIPS:0.0473 GRAD:0.0000 SAT:0.0000 0.215273s/batch
2026-03-09 17:07:00,328 [INFO ]  epoch:075 step:0010  L1:0.0530 SSIM:0.0856(0.9144) LPIPS:0.0954 GRAD:0.0000 SAT:0.0000 0.497971s/batch
2026-03-09 17:07:04,314 [INFO ]  epoch:075 step:0020  L1:0.0470 SSIM:0.0701(0.9299) LPIPS:0.0562 GRAD:0.0000 SAT:0.0000 0.378500s/batch
2026-03-09 17:07:04,850 [INFO ]  current_lr: 0.000008
2026-03-09 17:07:06,916 [INFO ]  epoch:076 step:0000  L1:0.0500 SSIM:0.0876(0.9124) LPIPS:0.0757 GRAD:0.0000 SAT:0.0000 0.185915s/batch
2026-03-09 17:07:10,729 [INFO ]  epoch:076 step:0010  L1:0.0400 SSIM:0.1236(0.8764) LPIPS:0.0832 GRAD:0.0000 SAT:0.0000 0.360649s/batch
2026-03-09 17:07:13,920 [INFO ]  epoch:076 step:0020  L1:0.0522 SSIM:0.0677(0.9323) LPIPS:0.0435 GRAD:0.0000 SAT:0.0000 0.318681s/batch
2026-03-09 17:07:14,395 [INFO ]  current_lr: 0.000008
2026-03-09 17:07:16,543 [INFO ]  epoch:077 step:0000  L1:0.0513 SSIM:0.1399(0.8601) LPIPS:0.0740 GRAD:0.0000 SAT:0.0000 0.193942s/batch
2026-03-09 17:07:21,160 [INFO ]  epoch:077 step:0010  L1:0.0368 SSIM:0.0921(0.9079) LPIPS:0.0851 GRAD:0.0000 SAT:0.0000 0.461488s/batch
2026-03-09 17:07:24,419 [INFO ]  epoch:077 step:0020  L1:0.0289 SSIM:0.0470(0.9530) LPIPS:0.0330 GRAD:0.0000 SAT:0.0000 0.305755s/batch
2026-03-09 17:07:25,138 [INFO ]  current_lr: 0.000008
2026-03-09 17:07:27,235 [INFO ]  epoch:078 step:0000  L1:0.0509 SSIM:0.1314(0.8686) LPIPS:0.0758 GRAD:0.0000 SAT:0.0000 0.209523s/batch
2026-03-09 17:07:30,909 [INFO ]  epoch:078 step:0010  L1:0.0589 SSIM:0.1189(0.8811) LPIPS:0.0932 GRAD:0.0000 SAT:0.0000 0.367231s/batch
2026-03-09 17:07:35,576 [INFO ]  epoch:078 step:0020  L1:0.0477 SSIM:0.0990(0.9010) LPIPS:0.0728 GRAD:0.0000 SAT:0.0000 0.446048s/batch
2026-03-09 17:07:36,151 [INFO ]  current_lr: 0.000008
2026-03-09 17:07:39,022 [INFO ]  epoch:079 step:0000  L1:0.0532 SSIM:0.1162(0.8838) LPIPS:0.1055 GRAD:0.0000 SAT:0.0000 0.266902s/batch
2026-03-09 17:07:42,934 [INFO ]  epoch:079 step:0010  L1:0.0475 SSIM:0.0975(0.9025) LPIPS:0.0621 GRAD:0.0000 SAT:0.0000 0.370785s/batch
2026-03-09 17:07:46,031 [INFO ]  epoch:079 step:0020  L1:0.0411 SSIM:0.0705(0.9295) LPIPS:0.0395 GRAD:0.0000 SAT:0.0000 0.289294s/batch
2026-03-09 17:07:46,755 [INFO ]  current_lr: 0.000008
2026-03-09 17:07:48,935 [INFO ]  epoch:080 step:0000  L1:0.0322 SSIM:0.0811(0.9189) LPIPS:0.0763 GRAD:0.0000 SAT:0.0000 0.217778s/batch
2026-03-09 17:07:52,306 [INFO ]  epoch:080 step:0010  L1:0.0737 SSIM:0.0943(0.9057) LPIPS:0.1194 GRAD:0.0000 SAT:0.0000 0.336524s/batch
2026-03-09 17:07:56,509 [INFO ]  epoch:080 step:0020  L1:0.0533 SSIM:0.1198(0.8802) LPIPS:0.0940 GRAD:0.0000 SAT:0.0000 0.420034s/batch
2026-03-09 17:07:57,211 [INFO ]  current_lr: 0.000008
2026-03-09 17:07:59,452 [INFO ]  epoch:081 step:0000  L1:0.0594 SSIM:0.1256(0.8744) LPIPS:0.0565 GRAD:0.0000 SAT:0.0000 0.203457s/batch
2026-03-09 17:08:04,053 [INFO ]  epoch:081 step:0010  L1:0.0525 SSIM:0.0837(0.9163) LPIPS:0.0739 GRAD:0.0000 SAT:0.0000 0.459901s/batch
2026-03-09 17:08:06,986 [INFO ]  epoch:081 step:0020  L1:0.0571 SSIM:0.1353(0.8647) LPIPS:0.0921 GRAD:0.0000 SAT:0.0000 0.293093s/batch
2026-03-09 17:08:07,549 [INFO ]  current_lr: 0.000008
2026-03-09 17:08:09,557 [INFO ]  epoch:082 step:0000  L1:0.0509 SSIM:0.1369(0.8631) LPIPS:0.0778 GRAD:0.0000 SAT:0.0000 0.200313s/batch
2026-03-09 17:08:13,314 [INFO ]  epoch:082 step:0010  L1:0.0447 SSIM:0.1142(0.8858) LPIPS:0.0854 GRAD:0.0000 SAT:0.0000 0.355190s/batch
2026-03-09 17:08:16,562 [INFO ]  epoch:082 step:0020  L1:0.0520 SSIM:0.1400(0.8600) LPIPS:0.0927 GRAD:0.0000 SAT:0.0000 0.324633s/batch
2026-03-09 17:08:17,082 [INFO ]  current_lr: 0.000008
2026-03-09 17:08:18,766 [INFO ]  epoch:083 step:0000  L1:0.0559 SSIM:0.1140(0.8860) LPIPS:0.0550 GRAD:0.0000 SAT:0.0000 0.147540s/batch
2026-03-09 17:08:22,068 [INFO ]  epoch:083 step:0010  L1:0.0502 SSIM:0.0523(0.9477) LPIPS:0.0619 GRAD:0.0000 SAT:0.0000 0.309923s/batch
2026-03-09 17:08:26,824 [INFO ]  epoch:083 step:0020  L1:0.0590 SSIM:0.1394(0.8606) LPIPS:0.1188 GRAD:0.0000 SAT:0.0000 0.475416s/batch
2026-03-09 17:08:27,523 [INFO ]  current_lr: 0.000008
2026-03-09 17:08:29,350 [INFO ]  epoch:084 step:0000  L1:0.0478 SSIM:0.1247(0.8753) LPIPS:0.0529 GRAD:0.0000 SAT:0.0000 0.162136s/batch
2026-03-09 17:08:34,041 [INFO ]  epoch:084 step:0010  L1:0.0490 SSIM:0.1403(0.8597) LPIPS:0.0908 GRAD:0.0000 SAT:0.0000 0.448645s/batch
2026-03-09 17:08:36,947 [INFO ]  epoch:084 step:0020  L1:0.0806 SSIM:0.0810(0.9190) LPIPS:0.0681 GRAD:0.0000 SAT:0.0000 0.290437s/batch
2026-03-09 17:08:37,452 [INFO ]  current_lr: 0.000008
2026-03-09 17:08:39,423 [INFO ]  epoch:085 step:0000  L1:0.0698 SSIM:0.2307(0.7693) LPIPS:0.1356 GRAD:0.0000 SAT:0.0000 0.196866s/batch
2026-03-09 17:08:42,932 [INFO ]  epoch:085 step:0010  L1:0.0571 SSIM:0.0680(0.9320) LPIPS:0.0634 GRAD:0.0000 SAT:0.0000 0.330518s/batch
2026-03-09 17:08:46,757 [INFO ]  epoch:085 step:0020  L1:0.0353 SSIM:0.1048(0.8952) LPIPS:0.0745 GRAD:0.0000 SAT:0.0000 0.382217s/batch
2026-03-09 17:08:47,870 [INFO ]  current_lr: 0.000008
2026-03-09 17:08:49,575 [INFO ]  epoch:086 step:0000  L1:0.0499 SSIM:0.0578(0.9422) LPIPS:0.0360 GRAD:0.0000 SAT:0.0000 0.150203s/batch
2026-03-09 17:08:53,528 [INFO ]  epoch:086 step:0010  L1:0.0538 SSIM:0.0788(0.9212) LPIPS:0.1195 GRAD:0.0000 SAT:0.0000 0.395020s/batch
2026-03-09 17:08:57,539 [INFO ]  epoch:086 step:0020  L1:0.0366 SSIM:0.0403(0.9597) LPIPS:0.0620 GRAD:0.0000 SAT:0.0000 0.380076s/batch
2026-03-09 17:08:58,260 [INFO ]  current_lr: 0.000008
2026-03-09 17:09:01,077 [INFO ]  epoch:087 step:0000  L1:0.0647 SSIM:0.0879(0.9121) LPIPS:0.0498 GRAD:0.0000 SAT:0.0000 0.281447s/batch
2026-03-09 17:09:04,941 [INFO ]  epoch:087 step:0010  L1:0.0375 SSIM:0.0613(0.9387) LPIPS:0.0593 GRAD:0.0000 SAT:0.0000 0.386277s/batch
2026-03-09 17:09:08,311 [INFO ]  epoch:087 step:0020  L1:0.0504 SSIM:0.0617(0.9383) LPIPS:0.0530 GRAD:0.0000 SAT:0.0000 0.336701s/batch
2026-03-09 17:09:09,100 [INFO ]  current_lr: 0.000008
2026-03-09 17:09:11,553 [INFO ]  epoch:088 step:0000  L1:0.0472 SSIM:0.1146(0.8854) LPIPS:0.0603 GRAD:0.0000 SAT:0.0000 0.224801s/batch
2026-03-09 17:09:15,890 [INFO ]  epoch:088 step:0010  L1:0.0482 SSIM:0.0793(0.9207) LPIPS:0.0559 GRAD:0.0000 SAT:0.0000 0.412733s/batch
2026-03-09 17:09:19,767 [INFO ]  epoch:088 step:0020  L1:0.0365 SSIM:0.0467(0.9533) LPIPS:0.0605 GRAD:0.0000 SAT:0.0000 0.366881s/batch
2026-03-09 17:09:20,285 [INFO ]  current_lr: 0.000008
2026-03-09 17:09:22,939 [INFO ]  epoch:089 step:0000  L1:0.0430 SSIM:0.0880(0.9120) LPIPS:0.1384 GRAD:0.0000 SAT:0.0000 0.245039s/batch
2026-03-09 17:09:26,656 [INFO ]  epoch:089 step:0010  L1:0.0526 SSIM:0.0431(0.9569) LPIPS:0.0406 GRAD:0.0000 SAT:0.0000 0.371276s/batch
2026-03-09 17:09:29,849 [INFO ]  epoch:089 step:0020  L1:0.0339 SSIM:0.1092(0.8908) LPIPS:0.0677 GRAD:0.0000 SAT:0.0000 0.299161s/batch
2026-03-09 17:09:30,792 [INFO ]  current_lr: 0.000008
2026-03-09 17:09:32,077 [INFO ]  epoch:090 step:0000  L1:0.0390 SSIM:0.1127(0.8873) LPIPS:0.1421 GRAD:0.0000 SAT:0.0000 0.108376s/batch
2026-03-09 17:09:36,760 [INFO ]  epoch:090 step:0010  L1:0.0865 SSIM:0.1177(0.8823) LPIPS:0.1024 GRAD:0.0000 SAT:0.0000 0.447831s/batch
2026-03-09 17:09:40,465 [INFO ]  epoch:090 step:0020  L1:0.1121 SSIM:0.0293(0.9707) LPIPS:0.0600 GRAD:0.0000 SAT:0.0000 0.350391s/batch
2026-03-09 17:09:40,889 [INFO ]  current_lr: 0.000008
2026-03-09 17:09:42,952 [INFO ]  epoch:091 step:0000  L1:0.0548 SSIM:0.1450(0.8550) LPIPS:0.0927 GRAD:0.0000 SAT:0.0000 0.206103s/batch
2026-03-09 17:09:47,096 [INFO ]  epoch:091 step:0010  L1:0.0839 SSIM:0.1018(0.8982) LPIPS:0.0947 GRAD:0.0000 SAT:0.0000 0.414105s/batch
2026-03-09 17:09:51,240 [INFO ]  epoch:091 step:0020  L1:0.0523 SSIM:0.1730(0.8270) LPIPS:0.1344 GRAD:0.0000 SAT:0.0000 0.393342s/batch
2026-03-09 17:09:51,822 [INFO ]  current_lr: 0.000008
2026-03-09 17:09:53,722 [INFO ]  epoch:092 step:0000  L1:0.0581 SSIM:0.1266(0.8734) LPIPS:0.0940 GRAD:0.0000 SAT:0.0000 0.169650s/batch
2026-03-09 17:09:57,827 [INFO ]  epoch:092 step:0010  L1:0.0419 SSIM:0.0402(0.9598) LPIPS:0.0377 GRAD:0.0000 SAT:0.0000 0.389801s/batch
2026-03-09 17:10:01,453 [INFO ]  epoch:092 step:0020  L1:0.0490 SSIM:0.1037(0.8963) LPIPS:0.0724 GRAD:0.0000 SAT:0.0000 0.341879s/batch
2026-03-09 17:10:01,981 [INFO ]  current_lr: 0.000008
2026-03-09 17:10:04,239 [INFO ]  epoch:093 step:0000  L1:0.0305 SSIM:0.0537(0.9463) LPIPS:0.0438 GRAD:0.0000 SAT:0.0000 0.205234s/batch
2026-03-09 17:10:08,538 [INFO ]  epoch:093 step:0010  L1:0.0432 SSIM:0.0755(0.9245) LPIPS:0.0470 GRAD:0.0000 SAT:0.0000 0.429580s/batch
2026-03-09 17:10:11,827 [INFO ]  epoch:093 step:0020  L1:0.0664 SSIM:0.0886(0.9114) LPIPS:0.0783 GRAD:0.0000 SAT:0.0000 0.308158s/batch
2026-03-09 17:10:12,622 [INFO ]  current_lr: 0.000008
2026-03-09 17:10:14,798 [INFO ]  epoch:094 step:0000  L1:0.0553 SSIM:0.1186(0.8814) LPIPS:0.1321 GRAD:0.0000 SAT:0.0000 0.197287s/batch
2026-03-09 17:10:18,974 [INFO ]  epoch:094 step:0010  L1:0.0486 SSIM:0.0685(0.9315) LPIPS:0.0841 GRAD:0.0000 SAT:0.0000 0.397182s/batch
2026-03-09 17:10:22,390 [INFO ]  epoch:094 step:0020  L1:0.0336 SSIM:0.0669(0.9331) LPIPS:0.0676 GRAD:0.0000 SAT:0.0000 0.321154s/batch
2026-03-09 17:10:22,900 [INFO ]  current_lr: 0.000008
2026-03-09 17:10:25,141 [INFO ]  epoch:095 step:0000  L1:0.0536 SSIM:0.1502(0.8498) LPIPS:0.1069 GRAD:0.0000 SAT:0.0000 0.223772s/batch
2026-03-09 17:10:28,408 [INFO ]  epoch:095 step:0010  L1:0.0534 SSIM:0.0940(0.9060) LPIPS:0.0807 GRAD:0.0000 SAT:0.0000 0.326416s/batch
2026-03-09 17:10:31,649 [INFO ]  epoch:095 step:0020  L1:0.0462 SSIM:0.0982(0.9018) LPIPS:0.0965 GRAD:0.0000 SAT:0.0000 0.303112s/batch
2026-03-09 17:10:32,178 [INFO ]  current_lr: 0.000008
2026-03-09 17:10:33,836 [INFO ]  epoch:096 step:0000  L1:0.0666 SSIM:0.1674(0.8326) LPIPS:0.1233 GRAD:0.0000 SAT:0.0000 0.144882s/batch
2026-03-09 17:10:37,577 [INFO ]  epoch:096 step:0010  L1:0.0794 SSIM:0.1084(0.8916) LPIPS:0.0610 GRAD:0.0000 SAT:0.0000 0.353544s/batch
2026-03-09 17:10:40,884 [INFO ]  epoch:096 step:0020  L1:0.0597 SSIM:0.1139(0.8861) LPIPS:0.0620 GRAD:0.0000 SAT:0.0000 0.330589s/batch
2026-03-09 17:10:41,416 [INFO ]  current_lr: 0.000008
2026-03-09 17:10:43,553 [INFO ]  epoch:097 step:0000  L1:0.0486 SSIM:0.1307(0.8693) LPIPS:0.1084 GRAD:0.0000 SAT:0.0000 0.193624s/batch
2026-03-09 17:10:47,385 [INFO ]  epoch:097 step:0010  L1:0.0448 SSIM:0.0766(0.9234) LPIPS:0.0489 GRAD:0.0000 SAT:0.0000 0.383042s/batch
2026-03-09 17:10:50,796 [INFO ]  epoch:097 step:0020  L1:0.0454 SSIM:0.0940(0.9060) LPIPS:0.0630 GRAD:0.0000 SAT:0.0000 0.320214s/batch
2026-03-09 17:10:51,733 [INFO ]  current_lr: 0.000008
2026-03-09 17:10:54,499 [INFO ]  epoch:098 step:0000  L1:0.0540 SSIM:0.1227(0.8773) LPIPS:0.0763 GRAD:0.0000 SAT:0.0000 0.256083s/batch
2026-03-09 17:10:58,044 [INFO ]  epoch:098 step:0010  L1:0.0328 SSIM:0.0326(0.9674) LPIPS:0.0514 GRAD:0.0000 SAT:0.0000 0.333178s/batch
2026-03-09 17:11:01,604 [INFO ]  epoch:098 step:0020  L1:0.0788 SSIM:0.1209(0.8791) LPIPS:0.0706 GRAD:0.0000 SAT:0.0000 0.355948s/batch
2026-03-09 17:11:02,311 [INFO ]  current_lr: 0.000008
2026-03-09 17:11:04,541 [INFO ]  epoch:099 step:0000  L1:0.0508 SSIM:0.0908(0.9092) LPIPS:0.0552 GRAD:0.0000 SAT:0.0000 0.202799s/batch
2026-03-09 17:11:08,385 [INFO ]  epoch:099 step:0010  L1:0.1027 SSIM:0.2147(0.7853) LPIPS:0.1801 GRAD:0.0000 SAT:0.0000 0.384198s/batch
2026-03-09 17:11:12,485 [INFO ]  epoch:099 step:0020  L1:0.0339 SSIM:0.1482(0.8518) LPIPS:0.0921 GRAD:0.0000 SAT:0.0000 0.388829s/batch
2026-03-09 17:11:13,196 [INFO ]  current_lr: 0.000007
2026-03-09 17:11:15,121 [INFO ]  epoch:100 step:0000  L1:0.0758 SSIM:0.1328(0.8672) LPIPS:0.1393 GRAD:0.0000 SAT:0.0000 0.192345s/batch
2026-03-09 17:11:19,118 [INFO ]  epoch:100 step:0010  L1:0.0457 SSIM:0.1694(0.8306) LPIPS:0.0700 GRAD:0.0000 SAT:0.0000 0.378847s/batch
2026-03-09 17:11:22,058 [INFO ]  epoch:100 step:0020  L1:0.0966 SSIM:0.1203(0.8797) LPIPS:0.0910 GRAD:0.0000 SAT:0.0000 0.293840s/batch
2026-03-09 17:11:22,588 [INFO ]  Saving state, epoch: 100 iter:0
2026-03-09 17:37:40,474 [INFO ]  current_lr: 0.000007
2026-03-09 17:37:42,370 [INFO ]  epoch:101 step:0000  L1:0.0305 SSIM:0.1120(0.8880) LPIPS:0.0738 GRAD:0.0000 SAT:0.0000 0.189190s/batch
2026-03-09 17:37:45,921 [INFO ]  epoch:101 step:0010  L1:0.0324 SSIM:0.0505(0.9495) LPIPS:0.0639 GRAD:0.0000 SAT:0.0000 0.334358s/batch
2026-03-09 17:37:49,426 [INFO ]  epoch:101 step:0020  L1:0.0579 SSIM:0.0634(0.9366) LPIPS:0.0465 GRAD:0.0000 SAT:0.0000 0.329595s/batch
2026-03-09 17:37:49,686 [INFO ]  current_lr: 0.000007
2026-03-09 17:37:52,141 [INFO ]  epoch:102 step:0000  L1:0.0606 SSIM:0.1214(0.8786) LPIPS:0.0947 GRAD:0.0000 SAT:0.0000 0.225168s/batch
2026-03-09 17:37:54,816 [INFO ]  epoch:102 step:0010  L1:0.0348 SSIM:0.0553(0.9447) LPIPS:0.0371 GRAD:0.0000 SAT:0.0000 0.267132s/batch
2026-03-09 17:37:57,999 [INFO ]  epoch:102 step:0020  L1:0.0433 SSIM:0.0644(0.9356) LPIPS:0.0451 GRAD:0.0000 SAT:0.0000 0.297324s/batch
2026-03-09 17:37:58,758 [INFO ]  current_lr: 0.000007
2026-03-09 17:38:00,624 [INFO ]  epoch:103 step:0000  L1:0.0470 SSIM:0.0794(0.9206) LPIPS:0.0824 GRAD:0.0000 SAT:0.0000 0.166270s/batch
2026-03-09 17:38:04,486 [INFO ]  epoch:103 step:0010  L1:0.0485 SSIM:0.0520(0.9480) LPIPS:0.0430 GRAD:0.0000 SAT:0.0000 0.366022s/batch
2026-03-09 17:38:07,538 [INFO ]  epoch:103 step:0020  L1:0.0616 SSIM:0.1009(0.8991) LPIPS:0.0839 GRAD:0.0000 SAT:0.0000 0.304899s/batch
2026-03-09 17:38:08,206 [INFO ]  current_lr: 0.000007
2026-03-09 17:38:09,659 [INFO ]  epoch:104 step:0000  L1:0.0589 SSIM:0.0756(0.9244) LPIPS:0.0591 GRAD:0.0000 SAT:0.0000 0.124986s/batch
2026-03-09 17:38:13,249 [INFO ]  epoch:104 step:0010  L1:0.0481 SSIM:0.0957(0.9043) LPIPS:0.0527 GRAD:0.0000 SAT:0.0000 0.338315s/batch
2026-03-09 17:38:16,639 [INFO ]  epoch:104 step:0020  L1:0.0628 SSIM:0.0826(0.9174) LPIPS:0.0670 GRAD:0.0000 SAT:0.0000 0.318145s/batch
2026-03-09 17:38:16,913 [INFO ]  current_lr: 0.000007
2026-03-09 17:38:18,460 [INFO ]  epoch:105 step:0000  L1:0.0565 SSIM:0.2225(0.7775) LPIPS:0.1255 GRAD:0.0000 SAT:0.0000 0.133850s/batch
2026-03-09 17:38:22,635 [INFO ]  epoch:105 step:0010  L1:0.0511 SSIM:0.0473(0.9527) LPIPS:0.0563 GRAD:0.0000 SAT:0.0000 0.396912s/batch
2026-03-09 17:38:26,018 [INFO ]  epoch:105 step:0020  L1:0.0607 SSIM:0.1234(0.8766) LPIPS:0.0653 GRAD:0.0000 SAT:0.0000 0.338043s/batch
2026-03-09 17:38:26,492 [INFO ]  current_lr: 0.000007
2026-03-09 17:38:28,434 [INFO ]  epoch:106 step:0000  L1:0.0402 SSIM:0.0756(0.9244) LPIPS:0.0501 GRAD:0.0000 SAT:0.0000 0.173696s/batch
2026-03-09 17:38:31,208 [INFO ]  epoch:106 step:0010  L1:0.0468 SSIM:0.1472(0.8528) LPIPS:0.1203 GRAD:0.0000 SAT:0.0000 0.277185s/batch
2026-03-09 17:38:34,297 [INFO ]  epoch:106 step:0020  L1:0.0724 SSIM:0.1145(0.8855) LPIPS:0.0762 GRAD:0.0000 SAT:0.0000 0.308426s/batch
2026-03-09 17:38:35,432 [INFO ]  current_lr: 0.000007
2026-03-09 17:38:37,719 [INFO ]  epoch:107 step:0000  L1:0.0633 SSIM:0.0777(0.9223) LPIPS:0.0761 GRAD:0.0000 SAT:0.0000 0.208360s/batch
2026-03-09 17:38:41,881 [INFO ]  epoch:107 step:0010  L1:0.0296 SSIM:0.0451(0.9549) LPIPS:0.0350 GRAD:0.0000 SAT:0.0000 0.415867s/batch
2026-03-09 17:38:44,807 [INFO ]  epoch:107 step:0020  L1:0.0900 SSIM:0.1608(0.8392) LPIPS:0.1296 GRAD:0.0000 SAT:0.0000 0.272634s/batch
2026-03-09 17:38:45,271 [INFO ]  current_lr: 0.000007
2026-03-09 17:38:47,225 [INFO ]  epoch:108 step:0000  L1:0.0722 SSIM:0.0861(0.9139) LPIPS:0.0724 GRAD:0.0000 SAT:0.0000 0.175074s/batch
2026-03-09 17:38:50,949 [INFO ]  epoch:108 step:0010  L1:0.0544 SSIM:0.0886(0.9114) LPIPS:0.0599 GRAD:0.0000 SAT:0.0000 0.351483s/batch
2026-03-09 17:38:55,161 [INFO ]  epoch:108 step:0020  L1:0.0649 SSIM:0.0738(0.9262) LPIPS:0.0795 GRAD:0.0000 SAT:0.0000 0.400676s/batch
2026-03-09 17:38:55,426 [INFO ]  current_lr: 0.000007
2026-03-09 17:38:56,979 [INFO ]  epoch:109 step:0000  L1:0.0566 SSIM:0.1579(0.8421) LPIPS:0.0798 GRAD:0.0000 SAT:0.0000 0.155009s/batch
2026-03-09 17:39:00,274 [INFO ]  epoch:109 step:0010  L1:0.0733 SSIM:0.1056(0.8944) LPIPS:0.0727 GRAD:0.0000 SAT:0.0000 0.308793s/batch
2026-03-09 17:39:03,502 [INFO ]  epoch:109 step:0020  L1:0.0641 SSIM:0.1448(0.8552) LPIPS:0.0710 GRAD:0.0000 SAT:0.0000 0.302073s/batch
2026-03-09 17:39:03,976 [INFO ]  current_lr: 0.000007
2026-03-09 17:39:05,429 [INFO ]  epoch:110 step:0000  L1:0.0529 SSIM:0.0958(0.9042) LPIPS:0.0559 GRAD:0.0000 SAT:0.0000 0.145091s/batch
2026-03-09 17:39:09,022 [INFO ]  epoch:110 step:0010  L1:0.0727 SSIM:0.1153(0.8847) LPIPS:0.0810 GRAD:0.0000 SAT:0.0000 0.338834s/batch
2026-03-09 17:39:12,122 [INFO ]  epoch:110 step:0020  L1:0.0363 SSIM:0.0685(0.9315) LPIPS:0.0725 GRAD:0.0000 SAT:0.0000 0.289626s/batch
2026-03-09 17:39:12,628 [INFO ]  current_lr: 0.000007
2026-03-09 17:39:14,857 [INFO ]  epoch:111 step:0000  L1:0.0623 SSIM:0.2324(0.7676) LPIPS:0.1866 GRAD:0.0000 SAT:0.0000 0.202362s/batch
2026-03-09 17:39:18,049 [INFO ]  epoch:111 step:0010  L1:0.0705 SSIM:0.0764(0.9236) LPIPS:0.0729 GRAD:0.0000 SAT:0.0000 0.298392s/batch
2026-03-09 17:39:21,223 [INFO ]  epoch:111 step:0020  L1:0.0508 SSIM:0.0719(0.9281) LPIPS:0.0409 GRAD:0.0000 SAT:0.0000 0.296616s/batch
2026-03-09 17:39:22,140 [INFO ]  current_lr: 0.000007
2026-03-09 17:39:23,890 [INFO ]  epoch:112 step:0000  L1:0.0449 SSIM:0.0762(0.9238) LPIPS:0.0391 GRAD:0.0000 SAT:0.0000 0.174770s/batch
2026-03-09 17:39:27,029 [INFO ]  epoch:112 step:0010  L1:0.0686 SSIM:0.1145(0.8855) LPIPS:0.0741 GRAD:0.0000 SAT:0.0000 0.293215s/batch
2026-03-09 17:39:30,221 [INFO ]  epoch:112 step:0020  L1:0.0322 SSIM:0.0307(0.9693) LPIPS:0.0383 GRAD:0.0000 SAT:0.0000 0.298734s/batch
2026-03-09 17:39:30,672 [INFO ]  current_lr: 0.000007
2026-03-09 17:39:32,156 [INFO ]  epoch:113 step:0000  L1:0.0513 SSIM:0.0903(0.9097) LPIPS:0.0955 GRAD:0.0000 SAT:0.0000 0.127451s/batch
2026-03-09 17:39:36,085 [INFO ]  epoch:113 step:0010  L1:0.0615 SSIM:0.1023(0.8977) LPIPS:0.0645 GRAD:0.0000 SAT:0.0000 0.372276s/batch
2026-03-09 17:39:39,863 [INFO ]  epoch:113 step:0020  L1:0.0835 SSIM:0.1108(0.8892) LPIPS:0.0870 GRAD:0.0000 SAT:0.0000 0.357360s/batch
2026-03-09 17:39:41,095 [INFO ]  current_lr: 0.000007
2026-03-09 17:39:43,421 [INFO ]  epoch:114 step:0000  L1:0.0726 SSIM:0.1460(0.8540) LPIPS:0.0901 GRAD:0.0000 SAT:0.0000 0.212392s/batch
2026-03-09 17:39:46,639 [INFO ]  epoch:114 step:0010  L1:0.0560 SSIM:0.1736(0.8264) LPIPS:0.0672 GRAD:0.0000 SAT:0.0000 0.321525s/batch
2026-03-09 17:39:50,305 [INFO ]  epoch:114 step:0020  L1:0.0440 SSIM:0.0658(0.9342) LPIPS:0.0772 GRAD:0.0000 SAT:0.0000 0.366322s/batch
2026-03-09 17:39:50,762 [INFO ]  current_lr: 0.000007
2026-03-09 17:39:53,108 [INFO ]  epoch:115 step:0000  L1:0.0979 SSIM:0.1404(0.8596) LPIPS:0.0753 GRAD:0.0000 SAT:0.0000 0.213880s/batch
2026-03-09 17:39:56,603 [INFO ]  epoch:115 step:0010  L1:0.0437 SSIM:0.0479(0.9521) LPIPS:0.0578 GRAD:0.0000 SAT:0.0000 0.329027s/batch
2026-03-09 17:40:00,010 [INFO ]  epoch:115 step:0020  L1:0.0821 SSIM:0.2182(0.7818) LPIPS:0.1246 GRAD:0.0000 SAT:0.0000 0.299174s/batch
2026-03-09 17:40:00,473 [INFO ]  current_lr: 0.000007
2026-03-09 17:40:02,227 [INFO ]  epoch:116 step:0000  L1:0.0326 SSIM:0.0489(0.9511) LPIPS:0.0715 GRAD:0.0000 SAT:0.0000 0.154630s/batch
2026-03-09 17:40:05,804 [INFO ]  epoch:116 step:0010  L1:0.0682 SSIM:0.1442(0.8558) LPIPS:0.0713 GRAD:0.0000 SAT:0.0000 0.337096s/batch
2026-03-09 17:40:08,738 [INFO ]  epoch:116 step:0020  L1:0.0925 SSIM:0.1390(0.8610) LPIPS:0.0942 GRAD:0.0000 SAT:0.0000 0.272769s/batch
2026-03-09 17:40:09,960 [INFO ]  current_lr: 0.000007
2026-03-09 17:40:11,326 [INFO ]  epoch:117 step:0000  L1:0.0561 SSIM:0.0441(0.9559) LPIPS:0.0556 GRAD:0.0000 SAT:0.0000 0.136243s/batch
2026-03-09 17:40:14,768 [INFO ]  epoch:117 step:0010  L1:0.0635 SSIM:0.0497(0.9503) LPIPS:0.0719 GRAD:0.0000 SAT:0.0000 0.323877s/batch
2026-03-09 17:40:18,597 [INFO ]  epoch:117 step:0020  L1:0.0543 SSIM:0.2278(0.7722) LPIPS:0.1034 GRAD:0.0000 SAT:0.0000 0.362800s/batch
2026-03-09 17:40:19,272 [INFO ]  current_lr: 0.000007
2026-03-09 17:40:20,790 [INFO ]  epoch:118 step:0000  L1:0.0488 SSIM:0.0835(0.9165) LPIPS:0.0492 GRAD:0.0000 SAT:0.0000 0.151621s/batch
2026-03-09 17:40:24,076 [INFO ]  epoch:118 step:0010  L1:0.0960 SSIM:0.1409(0.8591) LPIPS:0.0953 GRAD:0.0000 SAT:0.0000 0.308305s/batch
2026-03-09 17:40:27,166 [INFO ]  epoch:118 step:0020  L1:0.0747 SSIM:0.1388(0.8612) LPIPS:0.1053 GRAD:0.0000 SAT:0.0000 0.288470s/batch
2026-03-09 17:40:28,143 [INFO ]  current_lr: 0.000007
2026-03-09 17:40:29,538 [INFO ]  epoch:119 step:0000  L1:0.0534 SSIM:0.1432(0.8568) LPIPS:0.0730 GRAD:0.0000 SAT:0.0000 0.139163s/batch
2026-03-09 17:40:33,269 [INFO ]  epoch:119 step:0010  L1:0.0573 SSIM:0.1105(0.8895) LPIPS:0.0635 GRAD:0.0000 SAT:0.0000 0.352423s/batch
2026-03-09 17:40:36,170 [INFO ]  epoch:119 step:0020  L1:0.0846 SSIM:0.2322(0.7678) LPIPS:0.0853 GRAD:0.0000 SAT:0.0000 0.269643s/batch
2026-03-09 17:40:37,364 [INFO ]  current_lr: 0.000006
2026-03-09 17:40:38,951 [INFO ]  epoch:120 step:0000  L1:0.0583 SSIM:0.0968(0.9032) LPIPS:0.0701 GRAD:0.0000 SAT:0.0000 0.158256s/batch
2026-03-09 17:40:42,529 [INFO ]  epoch:120 step:0010  L1:0.0819 SSIM:0.1901(0.8099) LPIPS:0.1280 GRAD:0.0000 SAT:0.0000 0.337611s/batch
2026-03-09 17:40:45,583 [INFO ]  epoch:120 step:0020  L1:0.0271 SSIM:0.0717(0.9283) LPIPS:0.0691 GRAD:0.0000 SAT:0.0000 0.284511s/batch
2026-03-09 17:40:47,345 [INFO ]  current_lr: 0.000006
2026-03-09 17:40:49,298 [INFO ]  epoch:121 step:0000  L1:0.0446 SSIM:0.0778(0.9222) LPIPS:0.0345 GRAD:0.0000 SAT:0.0000 0.174354s/batch
2026-03-09 17:40:53,053 [INFO ]  epoch:121 step:0010  L1:0.0730 SSIM:0.1595(0.8405) LPIPS:0.0969 GRAD:0.0000 SAT:0.0000 0.374856s/batch
2026-03-09 17:40:57,207 [INFO ]  epoch:121 step:0020  L1:0.0556 SSIM:0.0754(0.9246) LPIPS:0.0608 GRAD:0.0000 SAT:0.0000 0.394942s/batch
2026-03-09 17:40:57,678 [INFO ]  current_lr: 0.000006
2026-03-09 17:40:59,675 [INFO ]  epoch:122 step:0000  L1:0.0398 SSIM:0.0609(0.9391) LPIPS:0.0357 GRAD:0.0000 SAT:0.0000 0.179346s/batch
2026-03-09 17:41:06,117 [INFO ]  epoch:122 step:0010  L1:0.0626 SSIM:0.1505(0.8495) LPIPS:0.1185 GRAD:0.0000 SAT:0.0000 0.643993s/batch
2026-03-09 17:41:09,325 [INFO ]  epoch:122 step:0020  L1:0.0888 SSIM:0.0885(0.9115) LPIPS:0.0685 GRAD:0.0000 SAT:0.0000 0.300190s/batch
2026-03-09 17:41:10,419 [INFO ]  current_lr: 0.000006
2026-03-09 17:41:13,012 [INFO ]  epoch:123 step:0000  L1:0.0482 SSIM:0.1582(0.8418) LPIPS:0.0918 GRAD:0.0000 SAT:0.0000 0.238553s/batch
2026-03-09 17:41:14,696 [INFO ]  epoch:123 step:0010  L1:0.0814 SSIM:0.0595(0.9405) LPIPS:0.0666 GRAD:0.0000 SAT:0.0000 0.168082s/batch
2026-03-09 17:41:19,416 [INFO ]  epoch:123 step:0020  L1:0.0522 SSIM:0.1369(0.8631) LPIPS:0.0786 GRAD:0.0000 SAT:0.0000 0.471817s/batch
2026-03-09 17:41:19,683 [INFO ]  current_lr: 0.000006
2026-03-09 17:41:21,354 [INFO ]  epoch:124 step:0000  L1:0.0500 SSIM:0.0668(0.9332) LPIPS:0.0770 GRAD:0.0000 SAT:0.0000 0.166713s/batch
2026-03-09 17:41:24,701 [INFO ]  epoch:124 step:0010  L1:0.0533 SSIM:0.0743(0.9257) LPIPS:0.0724 GRAD:0.0000 SAT:0.0000 0.293074s/batch
2026-03-09 17:41:28,576 [INFO ]  epoch:124 step:0020  L1:0.0742 SSIM:0.1103(0.8897) LPIPS:0.0701 GRAD:0.0000 SAT:0.0000 0.366976s/batch
2026-03-09 17:41:29,744 [INFO ]  current_lr: 0.000006
2026-03-09 17:41:31,913 [INFO ]  epoch:125 step:0000  L1:0.0596 SSIM:0.0911(0.9089) LPIPS:0.0634 GRAD:0.0000 SAT:0.0000 0.196705s/batch
2026-03-09 17:41:36,095 [INFO ]  epoch:125 step:0010  L1:0.0492 SSIM:0.1067(0.8933) LPIPS:0.0863 GRAD:0.0000 SAT:0.0000 0.397284s/batch
2026-03-09 17:41:39,432 [INFO ]  epoch:125 step:0020  L1:0.0475 SSIM:0.0957(0.9043) LPIPS:0.0858 GRAD:0.0000 SAT:0.0000 0.313384s/batch
2026-03-09 17:41:40,424 [INFO ]  current_lr: 0.000006
2026-03-09 17:41:42,001 [INFO ]  epoch:126 step:0000  L1:0.0756 SSIM:0.1096(0.8904) LPIPS:0.0928 GRAD:0.0000 SAT:0.0000 0.157371s/batch
2026-03-09 17:41:45,488 [INFO ]  epoch:126 step:0010  L1:0.0783 SSIM:0.1030(0.8970) LPIPS:0.1185 GRAD:0.0000 SAT:0.0000 0.327618s/batch
2026-03-09 17:41:48,958 [INFO ]  epoch:126 step:0020  L1:0.0450 SSIM:0.0857(0.9143) LPIPS:0.0554 GRAD:0.0000 SAT:0.0000 0.326109s/batch
2026-03-09 17:41:49,215 [INFO ]  current_lr: 0.000006
2026-03-09 17:41:50,624 [INFO ]  epoch:127 step:0000  L1:0.0399 SSIM:0.0667(0.9333) LPIPS:0.0622 GRAD:0.0000 SAT:0.0000 0.140556s/batch
2026-03-09 17:41:54,350 [INFO ]  epoch:127 step:0010  L1:0.0390 SSIM:0.1100(0.8900) LPIPS:0.0952 GRAD:0.0000 SAT:0.0000 0.352497s/batch
2026-03-09 17:41:57,926 [INFO ]  epoch:127 step:0020  L1:0.1119 SSIM:0.0492(0.9508) LPIPS:0.0805 GRAD:0.0000 SAT:0.0000 0.337228s/batch
2026-03-09 17:41:58,203 [INFO ]  current_lr: 0.000006
2026-03-09 17:42:00,240 [INFO ]  epoch:128 step:0000  L1:0.0595 SSIM:0.1338(0.8662) LPIPS:0.0979 GRAD:0.0000 SAT:0.0000 0.203417s/batch
2026-03-09 17:42:03,009 [INFO ]  epoch:128 step:0010  L1:0.0440 SSIM:0.1025(0.8975) LPIPS:0.0561 GRAD:0.0000 SAT:0.0000 0.255867s/batch
2026-03-09 17:42:06,251 [INFO ]  epoch:128 step:0020  L1:0.0584 SSIM:0.0964(0.9036) LPIPS:0.0414 GRAD:0.0000 SAT:0.0000 0.303331s/batch
2026-03-09 17:42:06,791 [INFO ]  current_lr: 0.000006
2026-03-09 17:42:09,069 [INFO ]  epoch:129 step:0000  L1:0.0461 SSIM:0.1063(0.8937) LPIPS:0.0644 GRAD:0.0000 SAT:0.0000 0.207497s/batch
2026-03-09 17:42:12,522 [INFO ]  epoch:129 step:0010  L1:0.0399 SSIM:0.0832(0.9168) LPIPS:0.0464 GRAD:0.0000 SAT:0.0000 0.324925s/batch
2026-03-09 17:42:15,202 [INFO ]  epoch:129 step:0020  L1:0.0421 SSIM:0.0636(0.9364) LPIPS:0.0505 GRAD:0.0000 SAT:0.0000 0.247105s/batch
2026-03-09 17:42:16,083 [INFO ]  current_lr: 0.000006
2026-03-09 17:42:17,856 [INFO ]  epoch:130 step:0000  L1:0.0313 SSIM:0.0743(0.9257) LPIPS:0.0474 GRAD:0.0000 SAT:0.0000 0.177199s/batch
2026-03-09 17:42:20,886 [INFO ]  epoch:130 step:0010  L1:0.0423 SSIM:0.1171(0.8829) LPIPS:0.0727 GRAD:0.0000 SAT:0.0000 0.282886s/batch
2026-03-09 17:42:24,656 [INFO ]  epoch:130 step:0020  L1:0.0595 SSIM:0.0327(0.9673) LPIPS:0.0311 GRAD:0.0000 SAT:0.0000 0.356740s/batch
2026-03-09 17:42:25,134 [INFO ]  current_lr: 0.000006
2026-03-09 17:42:26,755 [INFO ]  epoch:131 step:0000  L1:0.0634 SSIM:0.0654(0.9346) LPIPS:0.0707 GRAD:0.0000 SAT:0.0000 0.161873s/batch
2026-03-09 17:42:30,035 [INFO ]  epoch:131 step:0010  L1:0.0570 SSIM:0.1027(0.8973) LPIPS:0.0522 GRAD:0.0000 SAT:0.0000 0.307238s/batch
2026-03-09 17:42:33,720 [INFO ]  epoch:131 step:0020  L1:0.0646 SSIM:0.1009(0.8991) LPIPS:0.0878 GRAD:0.0000 SAT:0.0000 0.347915s/batch
2026-03-09 17:42:34,185 [INFO ]  current_lr: 0.000006
2026-03-09 17:42:35,429 [INFO ]  epoch:132 step:0000  L1:0.0651 SSIM:0.0532(0.9468) LPIPS:0.0635 GRAD:0.0000 SAT:0.0000 0.124276s/batch
2026-03-09 17:42:39,317 [INFO ]  epoch:132 step:0010  L1:0.0468 SSIM:0.0753(0.9247) LPIPS:0.0516 GRAD:0.0000 SAT:0.0000 0.368052s/batch
2026-03-09 17:42:42,057 [INFO ]  epoch:132 step:0020  L1:0.0511 SSIM:0.0575(0.9425) LPIPS:0.0553 GRAD:0.0000 SAT:0.0000 0.253610s/batch
2026-03-09 17:42:42,573 [INFO ]  current_lr: 0.000006
2026-03-09 17:42:44,232 [INFO ]  epoch:133 step:0000  L1:0.0397 SSIM:0.0547(0.9453) LPIPS:0.0629 GRAD:0.0000 SAT:0.0000 0.145511s/batch
2026-03-09 17:42:47,917 [INFO ]  epoch:133 step:0010  L1:0.0447 SSIM:0.0508(0.9492) LPIPS:0.0303 GRAD:0.0000 SAT:0.0000 0.326769s/batch
2026-03-09 17:42:51,405 [INFO ]  epoch:133 step:0020  L1:0.0335 SSIM:0.0636(0.9364) LPIPS:0.0381 GRAD:0.0000 SAT:0.0000 0.328351s/batch
2026-03-09 17:42:51,886 [INFO ]  current_lr: 0.000006
2026-03-09 17:42:53,419 [INFO ]  epoch:134 step:0000  L1:0.0550 SSIM:0.0624(0.9376) LPIPS:0.0680 GRAD:0.0000 SAT:0.0000 0.132996s/batch
2026-03-09 17:42:57,005 [INFO ]  epoch:134 step:0010  L1:0.0502 SSIM:0.0855(0.9145) LPIPS:0.0959 GRAD:0.0000 SAT:0.0000 0.337969s/batch
2026-03-09 17:43:00,508 [INFO ]  epoch:134 step:0020  L1:0.1024 SSIM:0.1241(0.8759) LPIPS:0.1129 GRAD:0.0000 SAT:0.0000 0.329863s/batch
2026-03-09 17:43:01,579 [INFO ]  current_lr: 0.000006
2026-03-09 17:43:03,155 [INFO ]  epoch:135 step:0000  L1:0.0580 SSIM:0.1306(0.8694) LPIPS:0.0998 GRAD:0.0000 SAT:0.0000 0.157445s/batch
2026-03-09 17:43:06,331 [INFO ]  epoch:135 step:0010  L1:0.0430 SSIM:0.0868(0.9132) LPIPS:0.0701 GRAD:0.0000 SAT:0.0000 0.296984s/batch
2026-03-09 17:43:09,231 [INFO ]  epoch:135 step:0020  L1:0.0440 SSIM:0.1001(0.8999) LPIPS:0.0756 GRAD:0.0000 SAT:0.0000 0.269173s/batch
2026-03-09 17:43:09,705 [INFO ]  current_lr: 0.000006
2026-03-09 17:43:11,782 [INFO ]  epoch:136 step:0000  L1:0.0634 SSIM:0.0885(0.9115) LPIPS:0.0642 GRAD:0.0000 SAT:0.0000 0.186902s/batch
2026-03-09 17:43:15,022 [INFO ]  epoch:136 step:0010  L1:0.0730 SSIM:0.1767(0.8233) LPIPS:0.0966 GRAD:0.0000 SAT:0.0000 0.303555s/batch
2026-03-09 17:43:18,960 [INFO ]  epoch:136 step:0020  L1:0.0351 SSIM:0.1021(0.8979) LPIPS:0.0662 GRAD:0.0000 SAT:0.0000 0.373478s/batch
2026-03-09 17:43:19,228 [INFO ]  current_lr: 0.000006
2026-03-09 17:43:21,045 [INFO ]  epoch:137 step:0000  L1:0.0531 SSIM:0.0775(0.9225) LPIPS:0.0602 GRAD:0.0000 SAT:0.0000 0.181481s/batch
2026-03-09 17:43:24,507 [INFO ]  epoch:137 step:0010  L1:0.0661 SSIM:0.2326(0.7674) LPIPS:0.1020 GRAD:0.0000 SAT:0.0000 0.325223s/batch
2026-03-09 17:43:28,360 [INFO ]  epoch:137 step:0020  L1:0.0452 SSIM:0.2318(0.7682) LPIPS:0.1341 GRAD:0.0000 SAT:0.0000 0.364615s/batch
2026-03-09 17:43:28,630 [INFO ]  current_lr: 0.000006
2026-03-09 17:43:30,763 [INFO ]  epoch:138 step:0000  L1:0.0659 SSIM:0.1243(0.8757) LPIPS:0.0836 GRAD:0.0000 SAT:0.0000 0.213132s/batch
2026-03-09 17:43:34,400 [INFO ]  epoch:138 step:0010  L1:0.0636 SSIM:0.0726(0.9274) LPIPS:0.0428 GRAD:0.0000 SAT:0.0000 0.343097s/batch
2026-03-09 17:43:37,616 [INFO ]  epoch:138 step:0020  L1:0.0513 SSIM:0.0811(0.9189) LPIPS:0.0664 GRAD:0.0000 SAT:0.0000 0.321357s/batch
2026-03-09 17:43:37,879 [INFO ]  current_lr: 0.000006
2026-03-09 17:43:40,843 [INFO ]  epoch:139 step:0000  L1:0.0857 SSIM:0.1279(0.8721) LPIPS:0.0893 GRAD:0.0000 SAT:0.0000 0.276199s/batch
2026-03-09 17:43:44,610 [INFO ]  epoch:139 step:0010  L1:0.0559 SSIM:0.0682(0.9318) LPIPS:0.0525 GRAD:0.0000 SAT:0.0000 0.376463s/batch
2026-03-09 17:43:47,899 [INFO ]  epoch:139 step:0020  L1:0.0614 SSIM:0.0731(0.9269) LPIPS:0.0579 GRAD:0.0000 SAT:0.0000 0.308167s/batch
2026-03-09 17:43:48,568 [INFO ]  current_lr: 0.000005
2026-03-09 17:43:50,340 [INFO ]  epoch:140 step:0000  L1:0.0453 SSIM:0.0887(0.9113) LPIPS:0.0856 GRAD:0.0000 SAT:0.0000 0.157076s/batch
2026-03-09 17:43:53,976 [INFO ]  epoch:140 step:0010  L1:0.0629 SSIM:0.0742(0.9258) LPIPS:0.0352 GRAD:0.0000 SAT:0.0000 0.342949s/batch
2026-03-09 17:43:56,732 [INFO ]  epoch:140 step:0020  L1:0.0509 SSIM:0.0743(0.9257) LPIPS:0.0364 GRAD:0.0000 SAT:0.0000 0.255535s/batch
2026-03-09 17:43:57,449 [INFO ]  current_lr: 0.000005
2026-03-09 17:43:59,367 [INFO ]  epoch:141 step:0000  L1:0.0840 SSIM:0.1650(0.8350) LPIPS:0.0870 GRAD:0.0000 SAT:0.0000 0.170869s/batch
2026-03-09 17:44:03,060 [INFO ]  epoch:141 step:0010  L1:0.0485 SSIM:0.0844(0.9156) LPIPS:0.0879 GRAD:0.0000 SAT:0.0000 0.349007s/batch
2026-03-09 17:44:06,175 [INFO ]  epoch:141 step:0020  L1:0.0942 SSIM:0.1340(0.8660) LPIPS:0.1323 GRAD:0.0000 SAT:0.0000 0.290928s/batch
2026-03-09 17:44:06,649 [INFO ]  current_lr: 0.000005
2026-03-09 17:44:08,215 [INFO ]  epoch:142 step:0000  L1:0.0434 SSIM:0.0596(0.9404) LPIPS:0.0421 GRAD:0.0000 SAT:0.0000 0.114992s/batch
2026-03-09 17:44:12,110 [INFO ]  epoch:142 step:0010  L1:0.0641 SSIM:0.1063(0.8937) LPIPS:0.0845 GRAD:0.0000 SAT:0.0000 0.369241s/batch
2026-03-09 17:44:16,076 [INFO ]  epoch:142 step:0020  L1:0.0332 SSIM:0.0648(0.9352) LPIPS:0.0485 GRAD:0.0000 SAT:0.0000 0.376324s/batch
2026-03-09 17:44:16,355 [INFO ]  current_lr: 0.000005
2026-03-09 17:44:17,937 [INFO ]  epoch:143 step:0000  L1:0.0434 SSIM:0.0967(0.9033) LPIPS:0.0828 GRAD:0.0000 SAT:0.0000 0.158034s/batch
2026-03-09 17:44:20,918 [INFO ]  epoch:143 step:0010  L1:0.0452 SSIM:0.1024(0.8976) LPIPS:0.0589 GRAD:0.0000 SAT:0.0000 0.277266s/batch
2026-03-09 17:44:24,870 [INFO ]  epoch:143 step:0020  L1:0.0273 SSIM:0.0634(0.9366) LPIPS:0.0883 GRAD:0.0000 SAT:0.0000 0.374773s/batch
2026-03-09 17:44:25,344 [INFO ]  current_lr: 0.000005
2026-03-09 17:44:27,539 [INFO ]  epoch:144 step:0000  L1:0.0349 SSIM:0.0674(0.9326) LPIPS:0.0667 GRAD:0.0000 SAT:0.0000 0.219286s/batch
2026-03-09 17:44:30,279 [INFO ]  epoch:144 step:0010  L1:0.0490 SSIM:0.0609(0.9391) LPIPS:0.0713 GRAD:0.0000 SAT:0.0000 0.253385s/batch
2026-03-09 17:44:33,875 [INFO ]  epoch:144 step:0020  L1:0.0475 SSIM:0.0793(0.9207) LPIPS:0.0597 GRAD:0.0000 SAT:0.0000 0.339384s/batch
2026-03-09 17:44:34,336 [INFO ]  current_lr: 0.000005
2026-03-09 17:44:36,311 [INFO ]  epoch:145 step:0000  L1:0.0717 SSIM:0.1448(0.8552) LPIPS:0.0957 GRAD:0.0000 SAT:0.0000 0.197261s/batch
2026-03-09 17:44:41,569 [INFO ]  epoch:145 step:0010  L1:0.0629 SSIM:0.0564(0.9436) LPIPS:0.0473 GRAD:0.0000 SAT:0.0000 0.505387s/batch
2026-03-09 17:44:44,240 [INFO ]  epoch:145 step:0020  L1:0.0851 SSIM:0.2057(0.7943) LPIPS:0.1087 GRAD:0.0000 SAT:0.0000 0.266843s/batch
2026-03-09 17:44:44,720 [INFO ]  current_lr: 0.000005
2026-03-09 17:44:47,139 [INFO ]  epoch:146 step:0000  L1:0.0360 SSIM:0.1231(0.8769) LPIPS:0.0939 GRAD:0.0000 SAT:0.0000 0.221736s/batch
2026-03-09 17:44:50,640 [INFO ]  epoch:146 step:0010  L1:0.0432 SSIM:0.0729(0.9271) LPIPS:0.0815 GRAD:0.0000 SAT:0.0000 0.329488s/batch
2026-03-09 17:44:54,501 [INFO ]  epoch:146 step:0020  L1:0.0925 SSIM:0.0786(0.9214) LPIPS:0.0856 GRAD:0.0000 SAT:0.0000 0.365108s/batch
2026-03-09 17:44:54,956 [INFO ]  current_lr: 0.000005
2026-03-09 17:44:57,110 [INFO ]  epoch:147 step:0000  L1:0.0338 SSIM:0.0739(0.9261) LPIPS:0.0653 GRAD:0.0000 SAT:0.0000 0.201991s/batch
2026-03-09 17:45:00,118 [INFO ]  epoch:147 step:0010  L1:0.0429 SSIM:0.0923(0.9077) LPIPS:0.0599 GRAD:0.0000 SAT:0.0000 0.280340s/batch
2026-03-09 17:45:03,791 [INFO ]  epoch:147 step:0020  L1:0.0365 SSIM:0.0608(0.9392) LPIPS:0.0366 GRAD:0.0000 SAT:0.0000 0.346968s/batch
2026-03-09 17:45:04,247 [INFO ]  current_lr: 0.000005
2026-03-09 17:45:04,977 [INFO ]  epoch:148 step:0000  L1:0.0533 SSIM:0.0615(0.9385) LPIPS:0.0578 GRAD:0.0000 SAT:0.0000 0.072808s/batch
2026-03-09 17:45:09,286 [INFO ]  epoch:148 step:0010  L1:0.0626 SSIM:0.1204(0.8796) LPIPS:0.0819 GRAD:0.0000 SAT:0.0000 0.410131s/batch
2026-03-09 17:45:12,661 [INFO ]  epoch:148 step:0020  L1:0.0438 SSIM:0.1372(0.8628) LPIPS:0.0755 GRAD:0.0000 SAT:0.0000 0.317230s/batch
2026-03-09 17:45:13,447 [INFO ]  current_lr: 0.000005
2026-03-09 17:45:14,728 [INFO ]  epoch:149 step:0000  L1:0.0559 SSIM:0.0778(0.9222) LPIPS:0.0746 GRAD:0.0000 SAT:0.0000 0.127904s/batch
2026-03-09 17:45:20,517 [INFO ]  epoch:149 step:0010  L1:0.0619 SSIM:0.1014(0.8986) LPIPS:0.0770 GRAD:0.0000 SAT:0.0000 0.558731s/batch
2026-03-09 17:45:23,957 [INFO ]  epoch:149 step:0020  L1:0.0562 SSIM:0.1512(0.8488) LPIPS:0.0796 GRAD:0.0000 SAT:0.0000 0.323585s/batch
2026-03-09 17:45:24,756 [INFO ]  current_lr: 0.000005
2026-03-09 17:45:26,815 [INFO ]  epoch:150 step:0000  L1:0.0490 SSIM:0.0970(0.9030) LPIPS:0.0822 GRAD:0.0000 SAT:0.0000 0.185437s/batch
2026-03-09 17:45:29,740 [INFO ]  epoch:150 step:0010  L1:0.0622 SSIM:0.1121(0.8879) LPIPS:0.0725 GRAD:0.0000 SAT:0.0000 0.272275s/batch
2026-03-09 17:45:33,969 [INFO ]  epoch:150 step:0020  L1:0.0507 SSIM:0.0863(0.9137) LPIPS:0.0476 GRAD:0.0000 SAT:0.0000 0.402211s/batch
2026-03-09 17:45:34,248 [INFO ]  Saving state, epoch: 150 iter:0
2026-03-09 18:07:53,112 [INFO ]  current_lr: 0.000005
2026-03-09 18:07:54,971 [INFO ]  epoch:151 step:0000  L1:0.0466 SSIM:0.1250(0.8750) LPIPS:0.0839 GRAD:0.0000 SAT:0.0000 0.185469s/batch
2026-03-09 18:07:59,048 [INFO ]  epoch:151 step:0010  L1:0.0653 SSIM:0.1087(0.8913) LPIPS:0.1149 GRAD:0.0000 SAT:0.0000 0.407115s/batch
2026-03-09 18:08:02,783 [INFO ]  epoch:151 step:0020  L1:0.0493 SSIM:0.0883(0.9117) LPIPS:0.0464 GRAD:0.0000 SAT:0.0000 0.353328s/batch
2026-03-09 18:08:03,487 [INFO ]  current_lr: 0.000005
2026-03-09 18:08:05,493 [INFO ]  epoch:152 step:0000  L1:0.0511 SSIM:0.1043(0.8957) LPIPS:0.0753 GRAD:0.0000 SAT:0.0000 0.180406s/batch
2026-03-09 18:08:09,958 [INFO ]  epoch:152 step:0010  L1:0.0414 SSIM:0.0502(0.9498) LPIPS:0.0536 GRAD:0.0000 SAT:0.0000 0.425982s/batch
2026-03-09 18:08:11,880 [INFO ]  epoch:152 step:0020  L1:0.0474 SSIM:0.1282(0.8718) LPIPS:0.0807 GRAD:0.0000 SAT:0.0000 0.191955s/batch
2026-03-09 18:08:12,762 [INFO ]  current_lr: 0.000005
2026-03-09 18:08:14,919 [INFO ]  epoch:153 step:0000  L1:0.0371 SSIM:0.1286(0.8714) LPIPS:0.0841 GRAD:0.0000 SAT:0.0000 0.194950s/batch
2026-03-09 18:08:19,180 [INFO ]  epoch:153 step:0010  L1:0.0568 SSIM:0.1140(0.8860) LPIPS:0.0770 GRAD:0.0000 SAT:0.0000 0.405919s/batch
2026-03-09 18:08:23,499 [INFO ]  epoch:153 step:0020  L1:0.0451 SSIM:0.0499(0.9501) LPIPS:0.0505 GRAD:0.0000 SAT:0.0000 0.431703s/batch
2026-03-09 18:08:24,588 [INFO ]  current_lr: 0.000005
2026-03-09 18:08:26,985 [INFO ]  epoch:154 step:0000  L1:0.0765 SSIM:0.1102(0.8898) LPIPS:0.0630 GRAD:0.0000 SAT:0.0000 0.219164s/batch
2026-03-09 18:08:32,325 [INFO ]  epoch:154 step:0010  L1:0.0778 SSIM:0.0660(0.9340) LPIPS:0.0615 GRAD:0.0000 SAT:0.0000 0.513223s/batch
2026-03-09 18:08:36,749 [INFO ]  epoch:154 step:0020  L1:0.0468 SSIM:0.0851(0.9149) LPIPS:0.0553 GRAD:0.0000 SAT:0.0000 0.421953s/batch
2026-03-09 18:08:37,385 [INFO ]  current_lr: 0.000005
2026-03-09 18:08:39,614 [INFO ]  epoch:155 step:0000  L1:0.0526 SSIM:0.1498(0.8502) LPIPS:0.0783 GRAD:0.0000 SAT:0.0000 0.202080s/batch
2026-03-09 18:08:43,769 [INFO ]  epoch:155 step:0010  L1:0.0447 SSIM:0.0461(0.9539) LPIPS:0.0393 GRAD:0.0000 SAT:0.0000 0.395133s/batch
2026-03-09 18:08:47,728 [INFO ]  epoch:155 step:0020  L1:0.0366 SSIM:0.0555(0.9445) LPIPS:0.0578 GRAD:0.0000 SAT:0.0000 0.375005s/batch
2026-03-09 18:08:48,553 [INFO ]  current_lr: 0.000005
2026-03-09 18:08:50,810 [INFO ]  epoch:156 step:0000  L1:0.0319 SSIM:0.0495(0.9505) LPIPS:0.0678 GRAD:0.0000 SAT:0.0000 0.204846s/batch
2026-03-09 18:08:55,759 [INFO ]  epoch:156 step:0010  L1:0.0289 SSIM:0.0438(0.9562) LPIPS:0.0367 GRAD:0.0000 SAT:0.0000 0.474015s/batch
2026-03-09 18:08:59,615 [INFO ]  epoch:156 step:0020  L1:0.0635 SSIM:0.0863(0.9137) LPIPS:0.0503 GRAD:0.0000 SAT:0.0000 0.385251s/batch
2026-03-09 18:09:00,491 [INFO ]  current_lr: 0.000005
2026-03-09 18:09:02,853 [INFO ]  epoch:157 step:0000  L1:0.0530 SSIM:0.1768(0.8232) LPIPS:0.1045 GRAD:0.0000 SAT:0.0000 0.215610s/batch
2026-03-09 18:09:08,048 [INFO ]  epoch:157 step:0010  L1:0.0355 SSIM:0.0701(0.9299) LPIPS:0.0592 GRAD:0.0000 SAT:0.0000 0.499131s/batch
2026-03-09 18:09:12,386 [INFO ]  epoch:157 step:0020  L1:0.0442 SSIM:0.0653(0.9347) LPIPS:0.0625 GRAD:0.0000 SAT:0.0000 0.413550s/batch
2026-03-09 18:09:13,340 [INFO ]  current_lr: 0.000005
2026-03-09 18:09:14,523 [INFO ]  epoch:158 step:0000  L1:0.0355 SSIM:0.1474(0.8526) LPIPS:0.0721 GRAD:0.0000 SAT:0.0000 0.118031s/batch
2026-03-09 18:09:20,133 [INFO ]  epoch:158 step:0010  L1:0.0353 SSIM:0.0879(0.9121) LPIPS:0.0825 GRAD:0.0000 SAT:0.0000 0.540249s/batch
2026-03-09 18:09:24,498 [INFO ]  epoch:158 step:0020  L1:0.0502 SSIM:0.0983(0.9017) LPIPS:0.0702 GRAD:0.0000 SAT:0.0000 0.416062s/batch
2026-03-09 18:09:25,421 [INFO ]  current_lr: 0.000004
2026-03-09 18:09:27,178 [INFO ]  epoch:159 step:0000  L1:0.0772 SSIM:0.1057(0.8943) LPIPS:0.0810 GRAD:0.0000 SAT:0.0000 0.175361s/batch
2026-03-09 18:09:32,067 [INFO ]  epoch:159 step:0010  L1:0.0545 SSIM:0.0486(0.9514) LPIPS:0.0401 GRAD:0.0000 SAT:0.0000 0.468157s/batch
2026-03-09 18:09:35,792 [INFO ]  epoch:159 step:0020  L1:0.0688 SSIM:0.0925(0.9075) LPIPS:0.0625 GRAD:0.0000 SAT:0.0000 0.331095s/batch
2026-03-09 18:09:36,718 [INFO ]  current_lr: 0.000004
2026-03-09 18:09:38,450 [INFO ]  epoch:160 step:0000  L1:0.0720 SSIM:0.1468(0.8532) LPIPS:0.0974 GRAD:0.0000 SAT:0.0000 0.152908s/batch
2026-03-09 18:09:44,306 [INFO ]  epoch:160 step:0010  L1:0.0400 SSIM:0.0359(0.9641) LPIPS:0.0290 GRAD:0.0000 SAT:0.0000 0.564878s/batch
2026-03-09 18:09:48,788 [INFO ]  epoch:160 step:0020  L1:0.0352 SSIM:0.0618(0.9382) LPIPS:0.0976 GRAD:0.0000 SAT:0.0000 0.427459s/batch
2026-03-09 18:09:49,727 [INFO ]  current_lr: 0.000004
2026-03-09 18:09:51,510 [INFO ]  epoch:161 step:0000  L1:0.0586 SSIM:0.1174(0.8826) LPIPS:0.1031 GRAD:0.0000 SAT:0.0000 0.158076s/batch
2026-03-09 18:09:56,417 [INFO ]  epoch:161 step:0010  L1:0.0740 SSIM:0.1749(0.8251) LPIPS:0.0736 GRAD:0.0000 SAT:0.0000 0.470403s/batch
2026-03-09 18:10:00,808 [INFO ]  epoch:161 step:0020  L1:0.0286 SSIM:0.0511(0.9489) LPIPS:0.0589 GRAD:0.0000 SAT:0.0000 0.418324s/batch
2026-03-09 18:10:01,714 [INFO ]  current_lr: 0.000004
2026-03-09 18:10:03,334 [INFO ]  epoch:162 step:0000  L1:0.0376 SSIM:0.0641(0.9359) LPIPS:0.1044 GRAD:0.0000 SAT:0.0000 0.161942s/batch
2026-03-09 18:10:08,213 [INFO ]  epoch:162 step:0010  L1:0.0460 SSIM:0.0912(0.9088) LPIPS:0.0871 GRAD:0.0000 SAT:0.0000 0.467482s/batch
2026-03-09 18:10:12,684 [INFO ]  epoch:162 step:0020  L1:0.0480 SSIM:0.0593(0.9407) LPIPS:0.0573 GRAD:0.0000 SAT:0.0000 0.426578s/batch
2026-03-09 18:10:13,634 [INFO ]  current_lr: 0.000004
2026-03-09 18:10:15,972 [INFO ]  epoch:163 step:0000  L1:0.0971 SSIM:0.2264(0.7736) LPIPS:0.1035 GRAD:0.0000 SAT:0.0000 0.213108s/batch
2026-03-09 18:10:20,483 [INFO ]  epoch:163 step:0010  L1:0.0456 SSIM:0.0542(0.9458) LPIPS:0.0566 GRAD:0.0000 SAT:0.0000 0.450825s/batch
2026-03-09 18:10:24,900 [INFO ]  epoch:163 step:0020  L1:0.0461 SSIM:0.0550(0.9450) LPIPS:0.0681 GRAD:0.0000 SAT:0.0000 0.421094s/batch
2026-03-09 18:10:25,827 [INFO ]  current_lr: 0.000004
2026-03-09 18:10:27,970 [INFO ]  epoch:164 step:0000  L1:0.0391 SSIM:0.0747(0.9253) LPIPS:0.0767 GRAD:0.0000 SAT:0.0000 0.193690s/batch
2026-03-09 18:10:32,374 [INFO ]  epoch:164 step:0010  L1:0.0487 SSIM:0.0980(0.9020) LPIPS:0.0583 GRAD:0.0000 SAT:0.0000 0.440104s/batch
2026-03-09 18:10:36,468 [INFO ]  epoch:164 step:0020  L1:0.0503 SSIM:0.0733(0.9267) LPIPS:0.0849 GRAD:0.0000 SAT:0.0000 0.389084s/batch
2026-03-09 18:10:37,389 [INFO ]  current_lr: 0.000004
2026-03-09 18:10:39,405 [INFO ]  epoch:165 step:0000  L1:0.0606 SSIM:0.1228(0.8772) LPIPS:0.1037 GRAD:0.0000 SAT:0.0000 0.201369s/batch
2026-03-09 18:10:43,625 [INFO ]  epoch:165 step:0010  L1:0.0889 SSIM:0.0914(0.9086) LPIPS:0.0757 GRAD:0.0000 SAT:0.0000 0.401546s/batch
2026-03-09 18:10:47,941 [INFO ]  epoch:165 step:0020  L1:0.0550 SSIM:0.1601(0.8399) LPIPS:0.0795 GRAD:0.0000 SAT:0.0000 0.431473s/batch
2026-03-09 18:10:48,802 [INFO ]  current_lr: 0.000004
2026-03-09 18:10:51,122 [INFO ]  epoch:166 step:0000  L1:0.0760 SSIM:0.0896(0.9104) LPIPS:0.0740 GRAD:0.0000 SAT:0.0000 0.211270s/batch
2026-03-09 18:10:56,273 [INFO ]  epoch:166 step:0010  L1:0.0479 SSIM:0.0961(0.9039) LPIPS:0.0450 GRAD:0.0000 SAT:0.0000 0.494388s/batch
2026-03-09 18:11:00,425 [INFO ]  epoch:166 step:0020  L1:0.0527 SSIM:0.1532(0.8468) LPIPS:0.0676 GRAD:0.0000 SAT:0.0000 0.394344s/batch
2026-03-09 18:11:01,194 [INFO ]  current_lr: 0.000004
2026-03-09 18:11:02,716 [INFO ]  epoch:167 step:0000  L1:0.0428 SSIM:0.0788(0.9212) LPIPS:0.0646 GRAD:0.0000 SAT:0.0000 0.151947s/batch
2026-03-09 18:11:07,860 [INFO ]  epoch:167 step:0010  L1:0.0428 SSIM:0.0776(0.9224) LPIPS:0.0684 GRAD:0.0000 SAT:0.0000 0.493862s/batch
2026-03-09 18:11:11,780 [INFO ]  epoch:167 step:0020  L1:0.0667 SSIM:0.2898(0.7102) LPIPS:0.1318 GRAD:0.0000 SAT:0.0000 0.371451s/batch
2026-03-09 18:11:12,649 [INFO ]  current_lr: 0.000004
2026-03-09 18:11:15,038 [INFO ]  epoch:168 step:0000  L1:0.0892 SSIM:0.1977(0.8023) LPIPS:0.0857 GRAD:0.0000 SAT:0.0000 0.218147s/batch
2026-03-09 18:11:19,881 [INFO ]  epoch:168 step:0010  L1:0.0758 SSIM:0.0985(0.9015) LPIPS:0.0720 GRAD:0.0000 SAT:0.0000 0.463971s/batch
2026-03-09 18:11:24,363 [INFO ]  epoch:168 step:0020  L1:0.0549 SSIM:0.1062(0.8938) LPIPS:0.1026 GRAD:0.0000 SAT:0.0000 0.406577s/batch
2026-03-09 18:11:25,235 [INFO ]  current_lr: 0.000004
2026-03-09 18:11:26,953 [INFO ]  epoch:169 step:0000  L1:0.0429 SSIM:0.1545(0.8455) LPIPS:0.0712 GRAD:0.0000 SAT:0.0000 0.171529s/batch
2026-03-09 18:11:32,012 [INFO ]  epoch:169 step:0010  L1:0.0656 SSIM:0.0968(0.9032) LPIPS:0.0849 GRAD:0.0000 SAT:0.0000 0.485139s/batch
2026-03-09 18:11:36,109 [INFO ]  epoch:169 step:0020  L1:0.0903 SSIM:0.1165(0.8835) LPIPS:0.0796 GRAD:0.0000 SAT:0.0000 0.409464s/batch
2026-03-09 18:11:37,051 [INFO ]  current_lr: 0.000004
2026-03-09 18:11:38,912 [INFO ]  epoch:170 step:0000  L1:0.0326 SSIM:0.0759(0.9241) LPIPS:0.0638 GRAD:0.0000 SAT:0.0000 0.185784s/batch
2026-03-09 18:11:44,231 [INFO ]  epoch:170 step:0010  L1:0.0434 SSIM:0.2245(0.7755) LPIPS:0.1172 GRAD:0.0000 SAT:0.0000 0.511665s/batch
2026-03-09 18:11:48,439 [INFO ]  epoch:170 step:0020  L1:0.1111 SSIM:0.0648(0.9352) LPIPS:0.0451 GRAD:0.0000 SAT:0.0000 0.400488s/batch
2026-03-09 18:11:49,283 [INFO ]  current_lr: 0.000004
2026-03-09 18:11:50,804 [INFO ]  epoch:171 step:0000  L1:0.0403 SSIM:0.0817(0.9183) LPIPS:0.0536 GRAD:0.0000 SAT:0.0000 0.151693s/batch
2026-03-09 18:11:55,861 [INFO ]  epoch:171 step:0010  L1:0.0711 SSIM:0.1186(0.8814) LPIPS:0.0725 GRAD:0.0000 SAT:0.0000 0.485154s/batch
2026-03-09 18:12:00,279 [INFO ]  epoch:171 step:0020  L1:0.0389 SSIM:0.0986(0.9014) LPIPS:0.0739 GRAD:0.0000 SAT:0.0000 0.421380s/batch
2026-03-09 18:12:01,215 [INFO ]  current_lr: 0.000004
2026-03-09 18:12:03,036 [INFO ]  epoch:172 step:0000  L1:0.0484 SSIM:0.1574(0.8426) LPIPS:0.0848 GRAD:0.0000 SAT:0.0000 0.161903s/batch
2026-03-09 18:12:08,346 [INFO ]  epoch:172 step:0010  L1:0.0711 SSIM:0.0858(0.9142) LPIPS:0.0660 GRAD:0.0000 SAT:0.0000 0.510420s/batch
2026-03-09 18:12:12,751 [INFO ]  epoch:172 step:0020  L1:0.0442 SSIM:0.1608(0.8392) LPIPS:0.0909 GRAD:0.0000 SAT:0.0000 0.419764s/batch
2026-03-09 18:12:13,635 [INFO ]  current_lr: 0.000004
2026-03-09 18:12:15,073 [INFO ]  epoch:173 step:0000  L1:0.0423 SSIM:0.1067(0.8933) LPIPS:0.0794 GRAD:0.0000 SAT:0.0000 0.123156s/batch
2026-03-09 18:12:20,318 [INFO ]  epoch:173 step:0010  L1:0.0487 SSIM:0.1056(0.8944) LPIPS:0.0729 GRAD:0.0000 SAT:0.0000 0.503562s/batch
2026-03-09 18:12:24,588 [INFO ]  epoch:173 step:0020  L1:0.0575 SSIM:0.1253(0.8747) LPIPS:0.0837 GRAD:0.0000 SAT:0.0000 0.406611s/batch
2026-03-09 18:12:25,355 [INFO ]  current_lr: 0.000004
2026-03-09 18:12:27,147 [INFO ]  epoch:174 step:0000  L1:0.0311 SSIM:0.1463(0.8537) LPIPS:0.0861 GRAD:0.0000 SAT:0.0000 0.179123s/batch
2026-03-09 18:12:32,456 [INFO ]  epoch:174 step:0010  L1:0.0404 SSIM:0.0427(0.9573) LPIPS:0.0526 GRAD:0.0000 SAT:0.0000 0.510317s/batch
2026-03-09 18:12:36,659 [INFO ]  epoch:174 step:0020  L1:0.0527 SSIM:0.0559(0.9441) LPIPS:0.0700 GRAD:0.0000 SAT:0.0000 0.420105s/batch
2026-03-09 18:12:37,584 [INFO ]  current_lr: 0.000004
2026-03-09 18:12:39,749 [INFO ]  epoch:175 step:0000  L1:0.0920 SSIM:0.1770(0.8230) LPIPS:0.1016 GRAD:0.0000 SAT:0.0000 0.196354s/batch
2026-03-09 18:12:44,384 [INFO ]  epoch:175 step:0010  L1:0.0434 SSIM:0.1748(0.8252) LPIPS:0.0975 GRAD:0.0000 SAT:0.0000 0.442979s/batch
2026-03-09 18:12:48,864 [INFO ]  epoch:175 step:0020  L1:0.0465 SSIM:0.1085(0.8915) LPIPS:0.0572 GRAD:0.0000 SAT:0.0000 0.427852s/batch
2026-03-09 18:12:49,803 [INFO ]  current_lr: 0.000004
2026-03-09 18:12:51,431 [INFO ]  epoch:176 step:0000  L1:0.0471 SSIM:0.0758(0.9242) LPIPS:0.0570 GRAD:0.0000 SAT:0.0000 0.162572s/batch
2026-03-09 18:12:55,456 [INFO ]  epoch:176 step:0010  L1:0.0728 SSIM:0.1360(0.8640) LPIPS:0.0805 GRAD:0.0000 SAT:0.0000 0.382272s/batch
2026-03-09 18:12:59,732 [INFO ]  epoch:176 step:0020  L1:0.0563 SSIM:0.1717(0.8283) LPIPS:0.1448 GRAD:0.0000 SAT:0.0000 0.427338s/batch
2026-03-09 18:13:00,677 [INFO ]  current_lr: 0.000004
2026-03-09 18:13:02,725 [INFO ]  epoch:177 step:0000  L1:0.0463 SSIM:0.1000(0.9000) LPIPS:0.1026 GRAD:0.0000 SAT:0.0000 0.184412s/batch
2026-03-09 18:13:08,296 [INFO ]  epoch:177 step:0010  L1:0.0574 SSIM:0.1149(0.8851) LPIPS:0.0664 GRAD:0.0000 SAT:0.0000 0.515831s/batch
2026-03-09 18:13:12,607 [INFO ]  epoch:177 step:0020  L1:0.0757 SSIM:0.1118(0.8882) LPIPS:0.0655 GRAD:0.0000 SAT:0.0000 0.410199s/batch
2026-03-09 18:13:13,450 [INFO ]  current_lr: 0.000004
2026-03-09 18:13:15,660 [INFO ]  epoch:178 step:0000  L1:0.0565 SSIM:0.1232(0.8768) LPIPS:0.0812 GRAD:0.0000 SAT:0.0000 0.220808s/batch
2026-03-09 18:13:19,693 [INFO ]  epoch:178 step:0010  L1:0.0381 SSIM:0.0979(0.9021) LPIPS:0.0653 GRAD:0.0000 SAT:0.0000 0.382746s/batch
2026-03-09 18:13:23,471 [INFO ]  epoch:178 step:0020  L1:0.0491 SSIM:0.1770(0.8230) LPIPS:0.0953 GRAD:0.0000 SAT:0.0000 0.377654s/batch
2026-03-09 18:13:24,324 [INFO ]  current_lr: 0.000003
2026-03-09 18:13:25,996 [INFO ]  epoch:179 step:0000  L1:0.0323 SSIM:0.0781(0.9219) LPIPS:0.0432 GRAD:0.0000 SAT:0.0000 0.146654s/batch
2026-03-09 18:13:31,824 [INFO ]  epoch:179 step:0010  L1:0.0685 SSIM:0.0482(0.9518) LPIPS:0.0514 GRAD:0.0000 SAT:0.0000 0.562287s/batch
2026-03-09 18:13:35,714 [INFO ]  epoch:179 step:0020  L1:0.0411 SSIM:0.0701(0.9299) LPIPS:0.0386 GRAD:0.0000 SAT:0.0000 0.388720s/batch
2026-03-09 18:13:36,545 [INFO ]  current_lr: 0.000003
2026-03-09 18:13:39,014 [INFO ]  epoch:180 step:0000  L1:0.0413 SSIM:0.1597(0.8403) LPIPS:0.1121 GRAD:0.0000 SAT:0.0000 0.225985s/batch
2026-03-09 18:13:44,130 [INFO ]  epoch:180 step:0010  L1:0.0464 SSIM:0.1402(0.8598) LPIPS:0.1149 GRAD:0.0000 SAT:0.0000 0.491315s/batch
2026-03-09 18:13:47,199 [INFO ]  epoch:180 step:0020  L1:0.0634 SSIM:0.1330(0.8670) LPIPS:0.0948 GRAD:0.0000 SAT:0.0000 0.286211s/batch
2026-03-09 18:13:48,140 [INFO ]  current_lr: 0.000003
2026-03-09 18:13:50,147 [INFO ]  epoch:181 step:0000  L1:0.0316 SSIM:0.0934(0.9066) LPIPS:0.0895 GRAD:0.0000 SAT:0.0000 0.180171s/batch
2026-03-09 18:13:56,324 [INFO ]  epoch:181 step:0010  L1:0.0387 SSIM:0.0639(0.9361) LPIPS:0.0625 GRAD:0.0000 SAT:0.0000 0.597065s/batch
2026-03-09 18:14:00,662 [INFO ]  epoch:181 step:0020  L1:0.0322 SSIM:0.0795(0.9205) LPIPS:0.0412 GRAD:0.0000 SAT:0.0000 0.413255s/batch
2026-03-09 18:14:01,606 [INFO ]  current_lr: 0.000003
2026-03-09 18:14:03,127 [INFO ]  epoch:182 step:0000  L1:0.0475 SSIM:0.0826(0.9174) LPIPS:0.0642 GRAD:0.0000 SAT:0.0000 0.151924s/batch
2026-03-09 18:14:08,358 [INFO ]  epoch:182 step:0010  L1:0.0570 SSIM:0.1929(0.8071) LPIPS:0.1063 GRAD:0.0000 SAT:0.0000 0.502902s/batch
2026-03-09 18:14:12,737 [INFO ]  epoch:182 step:0020  L1:0.0625 SSIM:0.0578(0.9422) LPIPS:0.0464 GRAD:0.0000 SAT:0.0000 0.417570s/batch
2026-03-09 18:14:13,629 [INFO ]  current_lr: 0.000003
2026-03-09 18:14:15,474 [INFO ]  epoch:183 step:0000  L1:0.0577 SSIM:0.0699(0.9301) LPIPS:0.0444 GRAD:0.0000 SAT:0.0000 0.184251s/batch
2026-03-09 18:14:20,278 [INFO ]  epoch:183 step:0010  L1:0.0472 SSIM:0.1474(0.8526) LPIPS:0.0847 GRAD:0.0000 SAT:0.0000 0.459707s/batch
2026-03-09 18:14:24,741 [INFO ]  epoch:183 step:0020  L1:0.0344 SSIM:0.0671(0.9329) LPIPS:0.0674 GRAD:0.0000 SAT:0.0000 0.425984s/batch
2026-03-09 18:14:25,667 [INFO ]  current_lr: 0.000003
2026-03-09 18:14:27,525 [INFO ]  epoch:184 step:0000  L1:0.0631 SSIM:0.1153(0.8847) LPIPS:0.0797 GRAD:0.0000 SAT:0.0000 0.185637s/batch
2026-03-09 18:14:32,451 [INFO ]  epoch:184 step:0010  L1:0.0667 SSIM:0.1377(0.8623) LPIPS:0.0730 GRAD:0.0000 SAT:0.0000 0.472142s/batch
2026-03-09 18:14:36,852 [INFO ]  epoch:184 step:0020  L1:0.0385 SSIM:0.0667(0.9333) LPIPS:0.0548 GRAD:0.0000 SAT:0.0000 0.419473s/batch
2026-03-09 18:14:37,801 [INFO ]  current_lr: 0.000003
2026-03-09 18:14:39,774 [INFO ]  epoch:185 step:0000  L1:0.0608 SSIM:0.0507(0.9493) LPIPS:0.0501 GRAD:0.0000 SAT:0.0000 0.176533s/batch
2026-03-09 18:14:43,791 [INFO ]  epoch:185 step:0010  L1:0.0447 SSIM:0.1468(0.8532) LPIPS:0.1028 GRAD:0.0000 SAT:0.0000 0.381364s/batch
2026-03-09 18:14:48,258 [INFO ]  epoch:185 step:0020  L1:0.0408 SSIM:0.0951(0.9049) LPIPS:0.0562 GRAD:0.0000 SAT:0.0000 0.426455s/batch
2026-03-09 18:14:49,192 [INFO ]  current_lr: 0.000003
2026-03-09 18:14:50,934 [INFO ]  epoch:186 step:0000  L1:0.0471 SSIM:0.0551(0.9449) LPIPS:0.0374 GRAD:0.0000 SAT:0.0000 0.173925s/batch
2026-03-09 18:14:56,447 [INFO ]  epoch:186 step:0010  L1:0.0454 SSIM:0.0896(0.9104) LPIPS:0.0649 GRAD:0.0000 SAT:0.0000 0.510196s/batch
2026-03-09 18:15:00,853 [INFO ]  epoch:186 step:0020  L1:0.0526 SSIM:0.1331(0.8669) LPIPS:0.0911 GRAD:0.0000 SAT:0.0000 0.420421s/batch
2026-03-09 18:15:01,769 [INFO ]  current_lr: 0.000003
2026-03-09 18:15:03,694 [INFO ]  epoch:187 step:0000  L1:0.0507 SSIM:0.1431(0.8569) LPIPS:0.0729 GRAD:0.0000 SAT:0.0000 0.192300s/batch
2026-03-09 18:15:08,377 [INFO ]  epoch:187 step:0010  L1:0.0682 SSIM:0.1314(0.8686) LPIPS:0.0628 GRAD:0.0000 SAT:0.0000 0.448000s/batch
2026-03-09 18:15:12,695 [INFO ]  epoch:187 step:0020  L1:0.0618 SSIM:0.0564(0.9436) LPIPS:0.0434 GRAD:0.0000 SAT:0.0000 0.410984s/batch
2026-03-09 18:15:13,427 [INFO ]  current_lr: 0.000003
2026-03-09 18:15:15,459 [INFO ]  epoch:188 step:0000  L1:0.0248 SSIM:0.0497(0.9503) LPIPS:0.0763 GRAD:0.0000 SAT:0.0000 0.202899s/batch
2026-03-09 18:15:19,732 [INFO ]  epoch:188 step:0010  L1:0.0389 SSIM:0.0556(0.9444) LPIPS:0.0295 GRAD:0.0000 SAT:0.0000 0.406572s/batch
2026-03-09 18:15:24,135 [INFO ]  epoch:188 step:0020  L1:0.0366 SSIM:0.0608(0.9392) LPIPS:0.0608 GRAD:0.0000 SAT:0.0000 0.419824s/batch
2026-03-09 18:15:25,072 [INFO ]  current_lr: 0.000003
2026-03-09 18:15:27,190 [INFO ]  epoch:189 step:0000  L1:0.0411 SSIM:0.0622(0.9378) LPIPS:0.0486 GRAD:0.0000 SAT:0.0000 0.191650s/batch
2026-03-09 18:15:32,332 [INFO ]  epoch:189 step:0010  L1:0.0844 SSIM:0.0441(0.9559) LPIPS:0.0406 GRAD:0.0000 SAT:0.0000 0.493786s/batch
2026-03-09 18:15:36,241 [INFO ]  epoch:189 step:0020  L1:0.0995 SSIM:0.2684(0.7316) LPIPS:0.1286 GRAD:0.0000 SAT:0.0000 0.370420s/batch
2026-03-09 18:15:37,053 [INFO ]  current_lr: 0.000003
2026-03-09 18:15:39,173 [INFO ]  epoch:190 step:0000  L1:0.0417 SSIM:0.1116(0.8884) LPIPS:0.0895 GRAD:0.0000 SAT:0.0000 0.211818s/batch
2026-03-09 18:15:43,793 [INFO ]  epoch:190 step:0010  L1:0.0480 SSIM:0.1108(0.8892) LPIPS:0.0672 GRAD:0.0000 SAT:0.0000 0.441628s/batch
2026-03-09 18:15:47,605 [INFO ]  epoch:190 step:0020  L1:0.0422 SSIM:0.1201(0.8799) LPIPS:0.0829 GRAD:0.0000 SAT:0.0000 0.380966s/batch
2026-03-09 18:15:48,471 [INFO ]  current_lr: 0.000003
2026-03-09 18:15:50,599 [INFO ]  epoch:191 step:0000  L1:0.0393 SSIM:0.1087(0.8913) LPIPS:0.0525 GRAD:0.0000 SAT:0.0000 0.192566s/batch
2026-03-09 18:15:56,152 [INFO ]  epoch:191 step:0010  L1:0.0386 SSIM:0.0591(0.9409) LPIPS:0.0427 GRAD:0.0000 SAT:0.0000 0.535063s/batch
2026-03-09 18:16:00,227 [INFO ]  epoch:191 step:0020  L1:0.0420 SSIM:0.1668(0.8332) LPIPS:0.1277 GRAD:0.0000 SAT:0.0000 0.387375s/batch
2026-03-09 18:16:01,153 [INFO ]  current_lr: 0.000003
2026-03-09 18:16:02,640 [INFO ]  epoch:192 step:0000  L1:0.0328 SSIM:0.0726(0.9274) LPIPS:0.0808 GRAD:0.0000 SAT:0.0000 0.148375s/batch
2026-03-09 18:16:07,345 [INFO ]  epoch:192 step:0010  L1:0.0641 SSIM:0.0506(0.9494) LPIPS:0.0564 GRAD:0.0000 SAT:0.0000 0.450372s/batch
2026-03-09 18:16:11,482 [INFO ]  epoch:192 step:0020  L1:0.0415 SSIM:0.1292(0.8708) LPIPS:0.0913 GRAD:0.0000 SAT:0.0000 0.413517s/batch
2026-03-09 18:16:12,338 [INFO ]  current_lr: 0.000003
2026-03-09 18:16:14,619 [INFO ]  epoch:193 step:0000  L1:0.0662 SSIM:0.1094(0.8906) LPIPS:0.1363 GRAD:0.0000 SAT:0.0000 0.207383s/batch
2026-03-09 18:16:20,130 [INFO ]  epoch:193 step:0010  L1:0.0504 SSIM:0.0829(0.9171) LPIPS:0.0893 GRAD:0.0000 SAT:0.0000 0.530407s/batch
2026-03-09 18:16:24,449 [INFO ]  epoch:193 step:0020  L1:0.0975 SSIM:0.1415(0.8585) LPIPS:0.1265 GRAD:0.0000 SAT:0.0000 0.411174s/batch
2026-03-09 18:16:25,368 [INFO ]  current_lr: 0.000003
2026-03-09 18:16:27,708 [INFO ]  epoch:194 step:0000  L1:0.0657 SSIM:0.1123(0.8877) LPIPS:0.0647 GRAD:0.0000 SAT:0.0000 0.213898s/batch
2026-03-09 18:16:32,387 [INFO ]  epoch:194 step:0010  L1:0.0442 SSIM:0.1028(0.8972) LPIPS:0.1218 GRAD:0.0000 SAT:0.0000 0.447358s/batch
2026-03-09 18:16:36,155 [INFO ]  epoch:194 step:0020  L1:0.0362 SSIM:0.0480(0.9520) LPIPS:0.0479 GRAD:0.0000 SAT:0.0000 0.356144s/batch
2026-03-09 18:16:36,854 [INFO ]  current_lr: 0.000003
2026-03-09 18:16:38,950 [INFO ]  epoch:195 step:0000  L1:0.0343 SSIM:0.0881(0.9119) LPIPS:0.0394 GRAD:0.0000 SAT:0.0000 0.189051s/batch
2026-03-09 18:16:44,252 [INFO ]  epoch:195 step:0010  L1:0.0481 SSIM:0.0853(0.9147) LPIPS:0.0582 GRAD:0.0000 SAT:0.0000 0.509827s/batch
2026-03-09 18:16:48,639 [INFO ]  epoch:195 step:0020  L1:0.0406 SSIM:0.0777(0.9223) LPIPS:0.0683 GRAD:0.0000 SAT:0.0000 0.418190s/batch
2026-03-09 18:16:49,585 [INFO ]  current_lr: 0.000003
2026-03-09 18:16:51,406 [INFO ]  epoch:196 step:0000  L1:0.0362 SSIM:0.0876(0.9124) LPIPS:0.0686 GRAD:0.0000 SAT:0.0000 0.181951s/batch
2026-03-09 18:16:56,219 [INFO ]  epoch:196 step:0010  L1:0.0616 SSIM:0.2194(0.7806) LPIPS:0.1066 GRAD:0.0000 SAT:0.0000 0.460926s/batch
2026-03-09 18:17:00,599 [INFO ]  epoch:196 step:0020  L1:0.0641 SSIM:0.0890(0.9110) LPIPS:0.0747 GRAD:0.0000 SAT:0.0000 0.417348s/batch
2026-03-09 18:17:01,519 [INFO ]  current_lr: 0.000003
2026-03-09 18:17:02,962 [INFO ]  epoch:197 step:0000  L1:0.0499 SSIM:0.0601(0.9399) LPIPS:0.0325 GRAD:0.0000 SAT:0.0000 0.144163s/batch
2026-03-09 18:17:07,198 [INFO ]  epoch:197 step:0010  L1:0.0551 SSIM:0.1074(0.8926) LPIPS:0.0651 GRAD:0.0000 SAT:0.0000 0.402800s/batch
2026-03-09 18:17:11,430 [INFO ]  epoch:197 step:0020  L1:0.0663 SSIM:0.0571(0.9429) LPIPS:0.0531 GRAD:0.0000 SAT:0.0000 0.422991s/batch
2026-03-09 18:17:12,182 [INFO ]  current_lr: 0.000003
2026-03-09 18:17:13,914 [INFO ]  epoch:198 step:0000  L1:0.0378 SSIM:0.0832(0.9168) LPIPS:0.0809 GRAD:0.0000 SAT:0.0000 0.152873s/batch
2026-03-09 18:17:20,226 [INFO ]  epoch:198 step:0010  L1:0.0482 SSIM:0.1032(0.8968) LPIPS:0.0559 GRAD:0.0000 SAT:0.0000 0.631037s/batch
2026-03-09 18:17:23,493 [INFO ]  epoch:198 step:0020  L1:0.0697 SSIM:0.2106(0.7894) LPIPS:0.1207 GRAD:0.0000 SAT:0.0000 0.305954s/batch
2026-03-09 18:17:24,435 [INFO ]  current_lr: 0.000002
2026-03-09 18:17:26,470 [INFO ]  epoch:199 step:0000  L1:0.0422 SSIM:0.0548(0.9452) LPIPS:0.0463 GRAD:0.0000 SAT:0.0000 0.182882s/batch
2026-03-09 18:17:32,240 [INFO ]  epoch:199 step:0010  L1:0.0514 SSIM:0.2447(0.7553) LPIPS:0.1559 GRAD:0.0000 SAT:0.0000 0.556571s/batch
2026-03-09 18:17:36,587 [INFO ]  epoch:199 step:0020  L1:0.0733 SSIM:0.0858(0.9142) LPIPS:0.0907 GRAD:0.0000 SAT:0.0000 0.414451s/batch
2026-03-09 18:17:37,517 [INFO ]  current_lr: 0.000002
2026-03-09 18:17:38,644 [INFO ]  epoch:200 step:0000  L1:0.0400 SSIM:0.0711(0.9289) LPIPS:0.0338 GRAD:0.0000 SAT:0.0000 0.112546s/batch
2026-03-09 18:17:43,776 [INFO ]  epoch:200 step:0010  L1:0.0356 SSIM:0.0804(0.9196) LPIPS:0.0671 GRAD:0.0000 SAT:0.0000 0.492615s/batch
2026-03-09 18:17:47,452 [INFO ]  epoch:200 step:0020  L1:0.0348 SSIM:0.0776(0.9224) LPIPS:0.0570 GRAD:0.0000 SAT:0.0000 0.367437s/batch
2026-03-09 18:17:48,290 [INFO ]  Saving state, epoch: 200 iter:0
2026-03-09 18:46:22,348 [INFO ]  current_lr: 0.000002
2026-03-09 18:46:24,185 [INFO ]  epoch:201 step:0000  L1:0.0426 SSIM:0.0673(0.9327) LPIPS:0.0598 GRAD:0.0000 SAT:0.0000 0.183390s/batch
2026-03-09 18:46:27,905 [INFO ]  epoch:201 step:0010  L1:0.1031 SSIM:0.1986(0.8014) LPIPS:0.1871 GRAD:0.0000 SAT:0.0000 0.351193s/batch
2026-03-09 18:46:30,783 [INFO ]  epoch:201 step:0020  L1:0.0617 SSIM:0.1585(0.8415) LPIPS:0.0898 GRAD:0.0000 SAT:0.0000 0.266990s/batch
2026-03-09 18:46:31,453 [INFO ]  current_lr: 0.000002
2026-03-09 18:46:33,429 [INFO ]  epoch:202 step:0000  L1:0.0676 SSIM:0.0709(0.9291) LPIPS:0.0405 GRAD:0.0000 SAT:0.0000 0.197268s/batch
2026-03-09 18:46:36,832 [INFO ]  epoch:202 step:0010  L1:0.0502 SSIM:0.0848(0.9152) LPIPS:0.0559 GRAD:0.0000 SAT:0.0000 0.319849s/batch
2026-03-09 18:46:40,227 [INFO ]  epoch:202 step:0020  L1:0.0576 SSIM:0.1364(0.8636) LPIPS:0.1121 GRAD:0.0000 SAT:0.0000 0.319296s/batch
2026-03-09 18:46:40,732 [INFO ]  current_lr: 0.000002
2026-03-09 18:46:42,226 [INFO ]  epoch:203 step:0000  L1:0.0312 SSIM:0.0381(0.9619) LPIPS:0.0313 GRAD:0.0000 SAT:0.0000 0.149169s/batch
2026-03-09 18:46:45,868 [INFO ]  epoch:203 step:0010  L1:0.0523 SSIM:0.0638(0.9362) LPIPS:0.0372 GRAD:0.0000 SAT:0.0000 0.343388s/batch
2026-03-09 18:46:48,947 [INFO ]  epoch:203 step:0020  L1:0.0744 SSIM:0.0875(0.9125) LPIPS:0.0734 GRAD:0.0000 SAT:0.0000 0.287351s/batch
2026-03-09 18:46:49,851 [INFO ]  current_lr: 0.000002
2026-03-09 18:46:51,278 [INFO ]  epoch:204 step:0000  L1:0.0634 SSIM:0.1580(0.8420) LPIPS:0.0879 GRAD:0.0000 SAT:0.0000 0.142404s/batch
2026-03-09 18:46:54,874 [INFO ]  epoch:204 step:0010  L1:0.0418 SSIM:0.0863(0.9137) LPIPS:0.0776 GRAD:0.0000 SAT:0.0000 0.339187s/batch
2026-03-09 18:46:58,105 [INFO ]  epoch:204 step:0020  L1:0.0433 SSIM:0.1736(0.8264) LPIPS:0.1067 GRAD:0.0000 SAT:0.0000 0.302369s/batch
2026-03-09 18:46:58,736 [INFO ]  current_lr: 0.000002
2026-03-09 18:47:00,414 [INFO ]  epoch:205 step:0000  L1:0.0588 SSIM:0.0650(0.9350) LPIPS:0.0400 GRAD:0.0000 SAT:0.0000 0.167570s/batch
2026-03-09 18:47:03,760 [INFO ]  epoch:205 step:0010  L1:0.0549 SSIM:0.1010(0.8990) LPIPS:0.0648 GRAD:0.0000 SAT:0.0000 0.314214s/batch
2026-03-09 18:47:06,796 [INFO ]  epoch:205 step:0020  L1:0.0395 SSIM:0.0700(0.9300) LPIPS:0.0510 GRAD:0.0000 SAT:0.0000 0.283486s/batch
2026-03-09 18:47:07,486 [INFO ]  current_lr: 0.000002
2026-03-09 18:47:09,631 [INFO ]  epoch:206 step:0000  L1:0.0486 SSIM:0.0879(0.9121) LPIPS:0.0635 GRAD:0.0000 SAT:0.0000 0.194177s/batch
2026-03-09 18:47:12,400 [INFO ]  epoch:206 step:0010  L1:0.0289 SSIM:0.0727(0.9273) LPIPS:0.0555 GRAD:0.0000 SAT:0.0000 0.256676s/batch
2026-03-09 18:47:15,686 [INFO ]  epoch:206 step:0020  L1:0.0574 SSIM:0.0497(0.9503) LPIPS:0.0449 GRAD:0.0000 SAT:0.0000 0.308334s/batch
2026-03-09 18:47:16,396 [INFO ]  current_lr: 0.000002
2026-03-09 18:47:17,845 [INFO ]  epoch:207 step:0000  L1:0.0463 SSIM:0.1022(0.8978) LPIPS:0.0565 GRAD:0.0000 SAT:0.0000 0.144599s/batch
2026-03-09 18:47:21,385 [INFO ]  epoch:207 step:0010  L1:0.0614 SSIM:0.1492(0.8508) LPIPS:0.0819 GRAD:0.0000 SAT:0.0000 0.333491s/batch
2026-03-09 18:47:24,191 [INFO ]  epoch:207 step:0020  L1:0.0589 SSIM:0.1423(0.8577) LPIPS:0.0806 GRAD:0.0000 SAT:0.0000 0.259780s/batch
2026-03-09 18:47:24,810 [INFO ]  current_lr: 0.000002
2026-03-09 18:47:26,777 [INFO ]  epoch:208 step:0000  L1:0.0320 SSIM:0.0816(0.9184) LPIPS:0.1036 GRAD:0.0000 SAT:0.0000 0.176008s/batch
2026-03-09 18:47:30,453 [INFO ]  epoch:208 step:0010  L1:0.0384 SSIM:0.1258(0.8742) LPIPS:0.0973 GRAD:0.0000 SAT:0.0000 0.346722s/batch
2026-03-09 18:47:33,230 [INFO ]  epoch:208 step:0020  L1:0.0795 SSIM:0.1410(0.8590) LPIPS:0.0916 GRAD:0.0000 SAT:0.0000 0.257240s/batch
2026-03-09 18:47:33,959 [INFO ]  current_lr: 0.000002
2026-03-09 18:47:35,521 [INFO ]  epoch:209 step:0000  L1:0.0504 SSIM:0.0995(0.9005) LPIPS:0.0684 GRAD:0.0000 SAT:0.0000 0.136016s/batch
2026-03-09 18:47:39,782 [INFO ]  epoch:209 step:0010  L1:0.0428 SSIM:0.0432(0.9568) LPIPS:0.0648 GRAD:0.0000 SAT:0.0000 0.405227s/batch
2026-03-09 18:47:42,474 [INFO ]  epoch:209 step:0020  L1:0.0343 SSIM:0.0477(0.9523) LPIPS:0.0391 GRAD:0.0000 SAT:0.0000 0.248872s/batch
2026-03-09 18:47:43,021 [INFO ]  current_lr: 0.000002
2026-03-09 18:47:45,563 [INFO ]  epoch:210 step:0000  L1:0.0429 SSIM:0.1336(0.8664) LPIPS:0.0822 GRAD:0.0000 SAT:0.0000 0.233781s/batch
2026-03-09 18:47:50,294 [INFO ]  epoch:210 step:0010  L1:0.0588 SSIM:0.0970(0.9030) LPIPS:0.0849 GRAD:0.0000 SAT:0.0000 0.452531s/batch
2026-03-09 18:47:54,567 [INFO ]  epoch:210 step:0020  L1:0.0481 SSIM:0.0764(0.9236) LPIPS:0.0891 GRAD:0.0000 SAT:0.0000 0.407025s/batch
2026-03-09 18:47:55,465 [INFO ]  current_lr: 0.000002
2026-03-09 18:47:57,110 [INFO ]  epoch:211 step:0000  L1:0.0304 SSIM:0.0448(0.9552) LPIPS:0.0614 GRAD:0.0000 SAT:0.0000 0.164379s/batch
2026-03-09 18:48:02,331 [INFO ]  epoch:211 step:0010  L1:0.0446 SSIM:0.1002(0.8998) LPIPS:0.0682 GRAD:0.0000 SAT:0.0000 0.501739s/batch
2026-03-09 18:48:06,795 [INFO ]  epoch:211 step:0020  L1:0.0382 SSIM:0.1171(0.8829) LPIPS:0.0607 GRAD:0.0000 SAT:0.0000 0.425745s/batch
2026-03-09 18:48:07,732 [INFO ]  current_lr: 0.000002
2026-03-09 18:48:09,562 [INFO ]  epoch:212 step:0000  L1:0.0583 SSIM:0.0948(0.9052) LPIPS:0.0838 GRAD:0.0000 SAT:0.0000 0.182848s/batch
2026-03-09 18:48:13,639 [INFO ]  epoch:212 step:0010  L1:0.0487 SSIM:0.1460(0.8540) LPIPS:0.0657 GRAD:0.0000 SAT:0.0000 0.387029s/batch
2026-03-09 18:48:17,851 [INFO ]  epoch:212 step:0020  L1:0.0559 SSIM:0.0677(0.9323) LPIPS:0.0664 GRAD:0.0000 SAT:0.0000 0.420663s/batch
2026-03-09 18:48:18,786 [INFO ]  current_lr: 0.000002
2026-03-09 18:48:20,712 [INFO ]  epoch:213 step:0000  L1:0.0365 SSIM:0.0638(0.9362) LPIPS:0.0760 GRAD:0.0000 SAT:0.0000 0.171854s/batch
2026-03-09 18:48:26,399 [INFO ]  epoch:213 step:0010  L1:0.0492 SSIM:0.1157(0.8843) LPIPS:0.0792 GRAD:0.0000 SAT:0.0000 0.548453s/batch
2026-03-09 18:48:30,773 [INFO ]  epoch:213 step:0020  L1:0.0503 SSIM:0.0547(0.9453) LPIPS:0.0456 GRAD:0.0000 SAT:0.0000 0.417142s/batch
2026-03-09 18:48:31,708 [INFO ]  current_lr: 0.000002
2026-03-09 18:48:34,029 [INFO ]  epoch:214 step:0000  L1:0.0490 SSIM:0.0695(0.9305) LPIPS:0.0542 GRAD:0.0000 SAT:0.0000 0.211643s/batch
2026-03-09 18:48:38,455 [INFO ]  epoch:214 step:0010  L1:0.0541 SSIM:0.0615(0.9385) LPIPS:0.0413 GRAD:0.0000 SAT:0.0000 0.441947s/batch
2026-03-09 18:48:42,527 [INFO ]  epoch:214 step:0020  L1:0.0225 SSIM:0.0380(0.9620) LPIPS:0.0520 GRAD:0.0000 SAT:0.0000 0.387025s/batch
2026-03-09 18:48:43,174 [INFO ]  current_lr: 0.000002
2026-03-09 18:48:45,030 [INFO ]  epoch:215 step:0000  L1:0.0972 SSIM:0.1558(0.8442) LPIPS:0.0909 GRAD:0.0000 SAT:0.0000 0.185467s/batch
2026-03-09 18:48:49,945 [INFO ]  epoch:215 step:0010  L1:0.0368 SSIM:0.0415(0.9585) LPIPS:0.0485 GRAD:0.0000 SAT:0.0000 0.471189s/batch
2026-03-09 18:48:54,149 [INFO ]  epoch:215 step:0020  L1:0.0570 SSIM:0.1015(0.8985) LPIPS:0.0961 GRAD:0.0000 SAT:0.0000 0.399523s/batch
2026-03-09 18:48:55,081 [INFO ]  current_lr: 0.000002
2026-03-09 18:48:57,065 [INFO ]  epoch:216 step:0000  L1:0.0429 SSIM:0.1183(0.8817) LPIPS:0.0696 GRAD:0.0000 SAT:0.0000 0.177546s/batch
2026-03-09 18:49:02,365 [INFO ]  epoch:216 step:0010  L1:0.0254 SSIM:0.0420(0.9580) LPIPS:0.0455 GRAD:0.0000 SAT:0.0000 0.509167s/batch
2026-03-09 18:49:06,883 [INFO ]  epoch:216 step:0020  L1:0.0952 SSIM:0.1411(0.8589) LPIPS:0.1072 GRAD:0.0000 SAT:0.0000 0.431374s/batch
2026-03-09 18:49:07,806 [INFO ]  current_lr: 0.000002
2026-03-09 18:49:09,448 [INFO ]  epoch:217 step:0000  L1:0.0656 SSIM:0.1054(0.8946) LPIPS:0.0921 GRAD:0.0000 SAT:0.0000 0.164045s/batch
2026-03-09 18:49:13,679 [INFO ]  epoch:217 step:0010  L1:0.0427 SSIM:0.0718(0.9282) LPIPS:0.0774 GRAD:0.0000 SAT:0.0000 0.402932s/batch
2026-03-09 18:49:17,608 [INFO ]  epoch:217 step:0020  L1:0.0561 SSIM:0.0924(0.9076) LPIPS:0.0667 GRAD:0.0000 SAT:0.0000 0.372653s/batch
2026-03-09 18:49:18,452 [INFO ]  current_lr: 0.000002
2026-03-09 18:49:20,525 [INFO ]  epoch:218 step:0000  L1:0.0603 SSIM:0.0987(0.9013) LPIPS:0.0603 GRAD:0.0000 SAT:0.0000 0.186783s/batch
2026-03-09 18:49:25,941 [INFO ]  epoch:218 step:0010  L1:0.0338 SSIM:0.0857(0.9143) LPIPS:0.0485 GRAD:0.0000 SAT:0.0000 0.521188s/batch
2026-03-09 18:49:30,026 [INFO ]  epoch:218 step:0020  L1:0.0394 SSIM:0.0761(0.9239) LPIPS:0.0464 GRAD:0.0000 SAT:0.0000 0.387942s/batch
2026-03-09 18:49:30,928 [INFO ]  current_lr: 0.000002
2026-03-09 18:49:32,671 [INFO ]  epoch:219 step:0000  L1:0.0341 SSIM:0.0490(0.9510) LPIPS:0.0773 GRAD:0.0000 SAT:0.0000 0.154246s/batch
2026-03-09 18:49:38,133 [INFO ]  epoch:219 step:0010  L1:0.0449 SSIM:0.0476(0.9524) LPIPS:0.0367 GRAD:0.0000 SAT:0.0000 0.525865s/batch
2026-03-09 18:49:42,500 [INFO ]  epoch:219 step:0020  L1:0.0512 SSIM:0.0598(0.9402) LPIPS:0.0347 GRAD:0.0000 SAT:0.0000 0.416310s/batch
2026-03-09 18:49:43,395 [INFO ]  current_lr: 0.000002
2026-03-09 18:49:44,997 [INFO ]  epoch:220 step:0000  L1:0.0403 SSIM:0.0446(0.9554) LPIPS:0.0407 GRAD:0.0000 SAT:0.0000 0.139574s/batch
2026-03-09 18:49:50,221 [INFO ]  epoch:220 step:0010  L1:0.0573 SSIM:0.1675(0.8325) LPIPS:0.0911 GRAD:0.0000 SAT:0.0000 0.501999s/batch
2026-03-09 18:49:54,602 [INFO ]  epoch:220 step:0020  L1:0.0577 SSIM:0.2404(0.7596) LPIPS:0.1087 GRAD:0.0000 SAT:0.0000 0.417651s/batch
2026-03-09 18:49:55,530 [INFO ]  current_lr: 0.000002
2026-03-09 18:49:56,989 [INFO ]  epoch:221 step:0000  L1:0.0349 SSIM:0.0543(0.9457) LPIPS:0.0452 GRAD:0.0000 SAT:0.0000 0.145706s/batch
2026-03-09 18:50:02,204 [INFO ]  epoch:221 step:0010  L1:0.0703 SSIM:0.0983(0.9017) LPIPS:0.0785 GRAD:0.0000 SAT:0.0000 0.501074s/batch
2026-03-09 18:50:06,266 [INFO ]  epoch:221 step:0020  L1:0.0469 SSIM:0.1100(0.8900) LPIPS:0.0888 GRAD:0.0000 SAT:0.0000 0.364892s/batch
2026-03-09 18:50:07,194 [INFO ]  current_lr: 0.000002
2026-03-09 18:50:08,768 [INFO ]  epoch:222 step:0000  L1:0.0550 SSIM:0.1718(0.8282) LPIPS:0.1134 GRAD:0.0000 SAT:0.0000 0.157208s/batch
2026-03-09 18:50:14,485 [INFO ]  epoch:222 step:0010  L1:0.0314 SSIM:0.0494(0.9506) LPIPS:0.0394 GRAD:0.0000 SAT:0.0000 0.551617s/batch
2026-03-09 18:50:18,973 [INFO ]  epoch:222 step:0020  L1:0.0544 SSIM:0.0923(0.9077) LPIPS:0.0616 GRAD:0.0000 SAT:0.0000 0.428278s/batch
2026-03-09 18:50:19,926 [INFO ]  current_lr: 0.000002
2026-03-09 18:50:21,652 [INFO ]  epoch:223 step:0000  L1:0.0655 SSIM:0.0396(0.9604) LPIPS:0.0566 GRAD:0.0000 SAT:0.0000 0.172308s/batch
2026-03-09 18:50:26,277 [INFO ]  epoch:223 step:0010  L1:0.0331 SSIM:0.0638(0.9362) LPIPS:0.0591 GRAD:0.0000 SAT:0.0000 0.441856s/batch
2026-03-09 18:50:30,760 [INFO ]  epoch:223 step:0020  L1:0.0392 SSIM:0.0416(0.9584) LPIPS:0.0577 GRAD:0.0000 SAT:0.0000 0.427847s/batch
2026-03-09 18:50:31,688 [INFO ]  current_lr: 0.000001
2026-03-09 18:50:33,708 [INFO ]  epoch:224 step:0000  L1:0.0393 SSIM:0.1308(0.8692) LPIPS:0.1079 GRAD:0.0000 SAT:0.0000 0.201767s/batch
2026-03-09 18:50:38,306 [INFO ]  epoch:224 step:0010  L1:0.0341 SSIM:0.0679(0.9321) LPIPS:0.0660 GRAD:0.0000 SAT:0.0000 0.439171s/batch
2026-03-09 18:50:42,744 [INFO ]  epoch:224 step:0020  L1:0.0374 SSIM:0.1482(0.8518) LPIPS:0.0917 GRAD:0.0000 SAT:0.0000 0.423044s/batch
2026-03-09 18:50:43,678 [INFO ]  current_lr: 0.000001
2026-03-09 18:50:45,784 [INFO ]  epoch:225 step:0000  L1:0.0456 SSIM:0.0691(0.9309) LPIPS:0.0635 GRAD:0.0000 SAT:0.0000 0.190303s/batch
2026-03-09 18:50:50,440 [INFO ]  epoch:225 step:0010  L1:0.0358 SSIM:0.0646(0.9354) LPIPS:0.0404 GRAD:0.0000 SAT:0.0000 0.445387s/batch
2026-03-09 18:50:54,924 [INFO ]  epoch:225 step:0020  L1:0.0513 SSIM:0.0932(0.9068) LPIPS:0.0646 GRAD:0.0000 SAT:0.0000 0.428246s/batch
2026-03-09 18:50:55,857 [INFO ]  current_lr: 0.000001
2026-03-09 18:50:57,809 [INFO ]  epoch:226 step:0000  L1:0.0659 SSIM:0.1178(0.8822) LPIPS:0.0817 GRAD:0.0000 SAT:0.0000 0.194906s/batch
2026-03-09 18:51:02,510 [INFO ]  epoch:226 step:0010  L1:0.0442 SSIM:0.0660(0.9340) LPIPS:0.0605 GRAD:0.0000 SAT:0.0000 0.449205s/batch
2026-03-09 18:51:06,430 [INFO ]  epoch:226 step:0020  L1:0.0713 SSIM:0.1780(0.8220) LPIPS:0.0831 GRAD:0.0000 SAT:0.0000 0.371644s/batch
2026-03-09 18:51:07,366 [INFO ]  current_lr: 0.000001
2026-03-09 18:51:08,743 [INFO ]  epoch:227 step:0000  L1:0.0341 SSIM:0.0442(0.9558) LPIPS:0.0362 GRAD:0.0000 SAT:0.0000 0.117381s/batch
2026-03-09 18:51:14,260 [INFO ]  epoch:227 step:0010  L1:0.0654 SSIM:0.0847(0.9153) LPIPS:0.0964 GRAD:0.0000 SAT:0.0000 0.531372s/batch
2026-03-09 18:51:17,491 [INFO ]  epoch:227 step:0020  L1:0.1031 SSIM:0.1895(0.8105) LPIPS:0.1023 GRAD:0.0000 SAT:0.0000 0.302598s/batch
2026-03-09 18:51:18,433 [INFO ]  current_lr: 0.000001
2026-03-09 18:51:20,470 [INFO ]  epoch:228 step:0000  L1:0.0606 SSIM:0.1131(0.8869) LPIPS:0.0606 GRAD:0.0000 SAT:0.0000 0.182844s/batch
2026-03-09 18:51:26,237 [INFO ]  epoch:228 step:0010  L1:0.0438 SSIM:0.0424(0.9576) LPIPS:0.0567 GRAD:0.0000 SAT:0.0000 0.556253s/batch
2026-03-09 18:51:30,740 [INFO ]  epoch:228 step:0020  L1:0.0349 SSIM:0.0985(0.9015) LPIPS:0.0727 GRAD:0.0000 SAT:0.0000 0.429939s/batch
2026-03-09 18:51:31,677 [INFO ]  current_lr: 0.000001
2026-03-09 18:51:33,243 [INFO ]  epoch:229 step:0000  L1:0.0382 SSIM:0.0525(0.9475) LPIPS:0.0450 GRAD:0.0000 SAT:0.0000 0.136205s/batch
2026-03-09 18:51:37,771 [INFO ]  epoch:229 step:0010  L1:0.0914 SSIM:0.1750(0.8250) LPIPS:0.0938 GRAD:0.0000 SAT:0.0000 0.432089s/batch
2026-03-09 18:51:41,486 [INFO ]  epoch:229 step:0020  L1:0.0514 SSIM:0.2059(0.7941) LPIPS:0.0914 GRAD:0.0000 SAT:0.0000 0.371264s/batch
2026-03-09 18:51:42,340 [INFO ]  current_lr: 0.000001
2026-03-09 18:51:43,908 [INFO ]  epoch:230 step:0000  L1:0.0293 SSIM:0.0322(0.9678) LPIPS:0.0450 GRAD:0.0000 SAT:0.0000 0.136314s/batch
2026-03-09 18:51:49,936 [INFO ]  epoch:230 step:0010  L1:0.0411 SSIM:0.0948(0.9052) LPIPS:0.0665 GRAD:0.0000 SAT:0.0000 0.582245s/batch
2026-03-09 18:51:54,254 [INFO ]  epoch:230 step:0020  L1:0.0563 SSIM:0.1460(0.8540) LPIPS:0.1168 GRAD:0.0000 SAT:0.0000 0.390859s/batch
2026-03-09 18:51:55,141 [INFO ]  current_lr: 0.000001
2026-03-09 18:51:56,291 [INFO ]  epoch:231 step:0000  L1:0.0407 SSIM:0.0537(0.9463) LPIPS:0.0395 GRAD:0.0000 SAT:0.0000 0.094557s/batch
2026-03-09 18:52:02,208 [INFO ]  epoch:231 step:0010  L1:0.0575 SSIM:0.1029(0.8971) LPIPS:0.0459 GRAD:0.0000 SAT:0.0000 0.570973s/batch
2026-03-09 18:52:06,515 [INFO ]  epoch:231 step:0020  L1:0.0558 SSIM:0.0803(0.9197) LPIPS:0.0745 GRAD:0.0000 SAT:0.0000 0.410589s/batch
2026-03-09 18:52:07,403 [INFO ]  current_lr: 0.000001
2026-03-09 18:52:09,484 [INFO ]  epoch:232 step:0000  L1:0.1208 SSIM:0.1653(0.8347) LPIPS:0.1315 GRAD:0.0000 SAT:0.0000 0.187452s/batch
2026-03-09 18:52:14,258 [INFO ]  epoch:232 step:0010  L1:0.0373 SSIM:0.1730(0.8270) LPIPS:0.0710 GRAD:0.0000 SAT:0.0000 0.456776s/batch
2026-03-09 18:52:18,558 [INFO ]  epoch:232 step:0020  L1:0.0771 SSIM:0.0943(0.9057) LPIPS:0.0800 GRAD:0.0000 SAT:0.0000 0.409238s/batch
2026-03-09 18:52:19,439 [INFO ]  current_lr: 0.000001
2026-03-09 18:52:21,372 [INFO ]  epoch:233 step:0000  L1:0.0368 SSIM:0.0634(0.9366) LPIPS:0.0488 GRAD:0.0000 SAT:0.0000 0.173125s/batch
2026-03-09 18:52:24,916 [INFO ]  epoch:233 step:0010  L1:0.0343 SSIM:0.0760(0.9240) LPIPS:0.0512 GRAD:0.0000 SAT:0.0000 0.333773s/batch
2026-03-09 18:52:29,151 [INFO ]  epoch:233 step:0020  L1:0.0593 SSIM:0.1780(0.8220) LPIPS:0.1378 GRAD:0.0000 SAT:0.0000 0.402850s/batch
2026-03-09 18:52:30,072 [INFO ]  current_lr: 0.000001
2026-03-09 18:52:32,200 [INFO ]  epoch:234 step:0000  L1:0.0806 SSIM:0.1009(0.8991) LPIPS:0.0694 GRAD:0.0000 SAT:0.0000 0.192673s/batch
2026-03-09 18:52:38,336 [INFO ]  epoch:234 step:0010  L1:0.0466 SSIM:0.0743(0.9257) LPIPS:0.0481 GRAD:0.0000 SAT:0.0000 0.593429s/batch
2026-03-09 18:52:42,724 [INFO ]  epoch:234 step:0020  L1:0.0502 SSIM:0.0801(0.9199) LPIPS:0.0391 GRAD:0.0000 SAT:0.0000 0.418682s/batch
2026-03-09 18:52:43,658 [INFO ]  current_lr: 0.000001
2026-03-09 18:52:45,680 [INFO ]  epoch:235 step:0000  L1:0.0602 SSIM:0.0734(0.9266) LPIPS:0.0591 GRAD:0.0000 SAT:0.0000 0.181419s/batch
2026-03-09 18:52:50,295 [INFO ]  epoch:235 step:0010  L1:0.0949 SSIM:0.0985(0.9015) LPIPS:0.0850 GRAD:0.0000 SAT:0.0000 0.441400s/batch
2026-03-09 18:52:54,775 [INFO ]  epoch:235 step:0020  L1:0.0384 SSIM:0.0843(0.9157) LPIPS:0.0696 GRAD:0.0000 SAT:0.0000 0.427704s/batch
2026-03-09 18:52:55,704 [INFO ]  current_lr: 0.000001
2026-03-09 18:52:57,681 [INFO ]  epoch:236 step:0000  L1:0.0697 SSIM:0.0977(0.9023) LPIPS:0.0805 GRAD:0.0000 SAT:0.0000 0.197646s/batch
2026-03-09 18:53:01,463 [INFO ]  epoch:236 step:0010  L1:0.0431 SSIM:0.0514(0.9486) LPIPS:0.0416 GRAD:0.0000 SAT:0.0000 0.357416s/batch
2026-03-09 18:53:05,696 [INFO ]  epoch:236 step:0020  L1:0.0352 SSIM:0.0962(0.9038) LPIPS:0.0759 GRAD:0.0000 SAT:0.0000 0.423086s/batch
2026-03-09 18:53:06,460 [INFO ]  current_lr: 0.000001
2026-03-09 18:53:08,481 [INFO ]  epoch:237 step:0000  L1:0.0442 SSIM:0.0746(0.9254) LPIPS:0.0438 GRAD:0.0000 SAT:0.0000 0.181622s/batch
2026-03-09 18:53:14,331 [INFO ]  epoch:237 step:0010  L1:0.0940 SSIM:0.1964(0.8036) LPIPS:0.1363 GRAD:0.0000 SAT:0.0000 0.564185s/batch
2026-03-09 18:53:18,814 [INFO ]  epoch:237 step:0020  L1:0.0735 SSIM:0.0699(0.9301) LPIPS:0.0544 GRAD:0.0000 SAT:0.0000 0.427682s/batch
2026-03-09 18:53:19,716 [INFO ]  current_lr: 0.000001
2026-03-09 18:53:21,835 [INFO ]  epoch:238 step:0000  L1:0.0565 SSIM:0.1086(0.8914) LPIPS:0.0584 GRAD:0.0000 SAT:0.0000 0.191376s/batch
2026-03-09 18:53:26,520 [INFO ]  epoch:238 step:0010  L1:0.0897 SSIM:0.2352(0.7648) LPIPS:0.1121 GRAD:0.0000 SAT:0.0000 0.447811s/batch
2026-03-09 18:53:29,690 [INFO ]  epoch:238 step:0020  L1:0.0452 SSIM:0.1344(0.8656) LPIPS:0.1068 GRAD:0.0000 SAT:0.0000 0.296904s/batch
2026-03-09 18:53:30,401 [INFO ]  current_lr: 0.000001
2026-03-09 18:53:32,590 [INFO ]  epoch:239 step:0000  L1:0.0441 SSIM:0.0510(0.9490) LPIPS:0.0996 GRAD:0.0000 SAT:0.0000 0.198064s/batch
2026-03-09 18:53:38,334 [INFO ]  epoch:239 step:0010  L1:0.0372 SSIM:0.0738(0.9262) LPIPS:0.0637 GRAD:0.0000 SAT:0.0000 0.533296s/batch
2026-03-09 18:53:42,834 [INFO ]  epoch:239 step:0020  L1:0.0827 SSIM:0.0947(0.9053) LPIPS:0.0496 GRAD:0.0000 SAT:0.0000 0.429732s/batch
2026-03-09 18:53:43,773 [INFO ]  current_lr: 0.000001
2026-03-09 18:53:45,648 [INFO ]  epoch:240 step:0000  L1:0.0438 SSIM:0.1087(0.8913) LPIPS:0.0822 GRAD:0.0000 SAT:0.0000 0.187351s/batch
2026-03-09 18:53:49,737 [INFO ]  epoch:240 step:0010  L1:0.0749 SSIM:0.1934(0.8066) LPIPS:0.1059 GRAD:0.0000 SAT:0.0000 0.388700s/batch
2026-03-09 18:53:53,465 [INFO ]  epoch:240 step:0020  L1:0.0745 SSIM:0.1545(0.8455) LPIPS:0.0932 GRAD:0.0000 SAT:0.0000 0.372652s/batch
2026-03-09 18:53:54,105 [INFO ]  current_lr: 0.000001
2026-03-09 18:53:55,359 [INFO ]  epoch:241 step:0000  L1:0.0594 SSIM:0.1359(0.8641) LPIPS:0.0877 GRAD:0.0000 SAT:0.0000 0.104584s/batch
2026-03-09 18:54:01,487 [INFO ]  epoch:241 step:0010  L1:0.0432 SSIM:0.0647(0.9353) LPIPS:0.0425 GRAD:0.0000 SAT:0.0000 0.612513s/batch
2026-03-09 18:54:05,369 [INFO ]  epoch:241 step:0020  L1:0.0557 SSIM:0.0927(0.9073) LPIPS:0.0956 GRAD:0.0000 SAT:0.0000 0.388027s/batch
2026-03-09 18:54:06,262 [INFO ]  current_lr: 0.000001
2026-03-09 18:54:08,330 [INFO ]  epoch:242 step:0000  L1:0.0584 SSIM:0.0856(0.9144) LPIPS:0.0687 GRAD:0.0000 SAT:0.0000 0.186456s/batch
2026-03-09 18:54:14,102 [INFO ]  epoch:242 step:0010  L1:0.0504 SSIM:0.1083(0.8917) LPIPS:0.1002 GRAD:0.0000 SAT:0.0000 0.577013s/batch
2026-03-09 18:54:18,416 [INFO ]  epoch:242 step:0020  L1:0.0502 SSIM:0.0430(0.9570) LPIPS:0.0580 GRAD:0.0000 SAT:0.0000 0.411123s/batch
2026-03-09 18:54:19,342 [INFO ]  current_lr: 0.000001
2026-03-09 18:54:21,179 [INFO ]  epoch:243 step:0000  L1:0.0802 SSIM:0.1526(0.8474) LPIPS:0.0742 GRAD:0.0000 SAT:0.0000 0.183545s/batch
2026-03-09 18:54:25,631 [INFO ]  epoch:243 step:0010  L1:0.0319 SSIM:0.0993(0.9007) LPIPS:0.0644 GRAD:0.0000 SAT:0.0000 0.424481s/batch
2026-03-09 18:54:29,791 [INFO ]  epoch:243 step:0020  L1:0.0356 SSIM:0.1589(0.8411) LPIPS:0.1002 GRAD:0.0000 SAT:0.0000 0.415768s/batch
2026-03-09 18:54:30,696 [INFO ]  current_lr: 0.000001
2026-03-09 18:54:32,289 [INFO ]  epoch:244 step:0000  L1:0.0434 SSIM:0.0553(0.9447) LPIPS:0.0479 GRAD:0.0000 SAT:0.0000 0.139233s/batch
2026-03-09 18:54:38,264 [INFO ]  epoch:244 step:0010  L1:0.0721 SSIM:0.0695(0.9305) LPIPS:0.0465 GRAD:0.0000 SAT:0.0000 0.597318s/batch
2026-03-09 18:54:42,543 [INFO ]  epoch:244 step:0020  L1:0.0661 SSIM:0.1141(0.8859) LPIPS:0.0668 GRAD:0.0000 SAT:0.0000 0.407711s/batch
2026-03-09 18:54:43,471 [INFO ]  current_lr: 0.000001
2026-03-09 18:54:45,862 [INFO ]  epoch:245 step:0000  L1:0.0671 SSIM:0.1762(0.8238) LPIPS:0.1464 GRAD:0.0000 SAT:0.0000 0.218940s/batch
2026-03-09 18:54:50,564 [INFO ]  epoch:245 step:0010  L1:0.0601 SSIM:0.0881(0.9119) LPIPS:0.0553 GRAD:0.0000 SAT:0.0000 0.449936s/batch
2026-03-09 18:54:54,860 [INFO ]  epoch:245 step:0020  L1:0.0464 SSIM:0.0865(0.9135) LPIPS:0.0472 GRAD:0.0000 SAT:0.0000 0.409069s/batch
2026-03-09 18:54:55,793 [INFO ]  current_lr: 0.000001
2026-03-09 18:54:57,455 [INFO ]  epoch:246 step:0000  L1:0.0437 SSIM:0.0682(0.9318) LPIPS:0.0565 GRAD:0.0000 SAT:0.0000 0.165990s/batch
2026-03-09 18:55:02,265 [INFO ]  epoch:246 step:0010  L1:0.0747 SSIM:0.1081(0.8919) LPIPS:0.0566 GRAD:0.0000 SAT:0.0000 0.460780s/batch
2026-03-09 18:55:06,748 [INFO ]  epoch:246 step:0020  L1:0.0660 SSIM:0.1223(0.8777) LPIPS:0.0601 GRAD:0.0000 SAT:0.0000 0.427508s/batch
2026-03-09 18:55:07,657 [INFO ]  current_lr: 0.000001
2026-03-09 18:55:09,620 [INFO ]  epoch:247 step:0000  L1:0.0445 SSIM:0.0903(0.9097) LPIPS:0.0661 GRAD:0.0000 SAT:0.0000 0.196123s/batch
2026-03-09 18:55:14,323 [INFO ]  epoch:247 step:0010  L1:0.0598 SSIM:0.0201(0.9799) LPIPS:0.0459 GRAD:0.0000 SAT:0.0000 0.449788s/batch
2026-03-09 18:55:18,718 [INFO ]  epoch:247 step:0020  L1:0.0459 SSIM:0.0883(0.9117) LPIPS:0.0725 GRAD:0.0000 SAT:0.0000 0.418909s/batch
2026-03-09 18:55:19,649 [INFO ]  current_lr: 0.000001
2026-03-09 18:55:21,419 [INFO ]  epoch:248 step:0000  L1:0.0523 SSIM:0.0876(0.9124) LPIPS:0.0834 GRAD:0.0000 SAT:0.0000 0.176735s/batch
2026-03-09 18:55:26,371 [INFO ]  epoch:248 step:0010  L1:0.0574 SSIM:0.1386(0.8614) LPIPS:0.0995 GRAD:0.0000 SAT:0.0000 0.453634s/batch
2026-03-09 18:55:30,901 [INFO ]  epoch:248 step:0020  L1:0.0480 SSIM:0.1759(0.8241) LPIPS:0.1310 GRAD:0.0000 SAT:0.0000 0.432363s/batch
2026-03-09 18:55:31,834 [INFO ]  current_lr: 0.000001
2026-03-09 18:55:33,653 [INFO ]  epoch:249 step:0000  L1:0.0459 SSIM:0.1308(0.8692) LPIPS:0.1197 GRAD:0.0000 SAT:0.0000 0.181689s/batch
2026-03-09 18:55:38,375 [INFO ]  epoch:249 step:0010  L1:0.0419 SSIM:0.1190(0.8810) LPIPS:0.1189 GRAD:0.0000 SAT:0.0000 0.451816s/batch
2026-03-09 18:55:42,751 [INFO ]  epoch:249 step:0020  L1:0.0661 SSIM:0.1503(0.8497) LPIPS:0.1084 GRAD:0.0000 SAT:0.0000 0.417387s/batch
2026-03-09 18:55:43,692 [INFO ]  current_lr: 0.000001
2026-03-09 18:55:45,517 [INFO ]  epoch:250 step:0000  L1:0.0559 SSIM:0.1969(0.8031) LPIPS:0.1425 GRAD:0.0000 SAT:0.0000 0.182210s/batch
2026-03-09 18:55:49,561 [INFO ]  epoch:250 step:0010  L1:0.0447 SSIM:0.0896(0.9104) LPIPS:0.0731 GRAD:0.0000 SAT:0.0000 0.383976s/batch
2026-03-09 18:55:52,676 [INFO ]  epoch:250 step:0020  L1:0.0799 SSIM:0.1365(0.8635) LPIPS:0.0770 GRAD:0.0000 SAT:0.0000 0.311125s/batch
2026-03-09 18:55:53,422 [INFO ]  Saving state, epoch: 250 iter:0
2026-03-09 19:09:47,109 [INFO ]  current_lr: 0.000001
2026-03-09 19:09:48,856 [INFO ]  epoch:251 step:0000  L1:0.0879 SSIM:0.0660(0.9340) LPIPS:0.0468 GRAD:0.0000 SAT:0.0000 0.174396s/batch
2026-03-09 19:09:53,206 [INFO ]  epoch:251 step:0010  L1:0.0390 SSIM:0.0775(0.9225) LPIPS:0.0556 GRAD:0.0000 SAT:0.0000 0.434788s/batch
2026-03-09 19:09:57,409 [INFO ]  epoch:251 step:0020  L1:0.0676 SSIM:0.0906(0.9094) LPIPS:0.0799 GRAD:0.0000 SAT:0.0000 0.420138s/batch
2026-03-09 19:09:58,108 [INFO ]  current_lr: 0.000001
2026-03-09 19:09:58,968 [INFO ]  epoch:252 step:0000  L1:0.0578 SSIM:0.0760(0.9240) LPIPS:0.0559 GRAD:0.0000 SAT:0.0000 0.085806s/batch
2026-03-09 19:10:03,666 [INFO ]  epoch:252 step:0010  L1:0.0319 SSIM:0.0419(0.9581) LPIPS:0.0546 GRAD:0.0000 SAT:0.0000 0.469564s/batch
2026-03-09 19:10:06,929 [INFO ]  epoch:252 step:0020  L1:0.0717 SSIM:0.1309(0.8691) LPIPS:0.0908 GRAD:0.0000 SAT:0.0000 0.326144s/batch
2026-03-09 19:10:07,454 [INFO ]  current_lr: 0.000001
2026-03-09 19:10:09,271 [INFO ]  epoch:253 step:0000  L1:0.0446 SSIM:0.0760(0.9240) LPIPS:0.0364 GRAD:0.0000 SAT:0.0000 0.181533s/batch
2026-03-09 19:10:13,183 [INFO ]  epoch:253 step:0010  L1:0.0560 SSIM:0.0893(0.9107) LPIPS:0.0546 GRAD:0.0000 SAT:0.0000 0.391010s/batch
2026-03-09 19:10:17,440 [INFO ]  epoch:253 step:0020  L1:0.0384 SSIM:0.1038(0.8962) LPIPS:0.0878 GRAD:0.0000 SAT:0.0000 0.425434s/batch
2026-03-09 19:10:18,177 [INFO ]  current_lr: 0.000001
2026-03-09 19:10:20,330 [INFO ]  epoch:254 step:0000  L1:0.0381 SSIM:0.0908(0.9092) LPIPS:0.0721 GRAD:0.0000 SAT:0.0000 0.215188s/batch
2026-03-09 19:10:24,871 [INFO ]  epoch:254 step:0010  L1:0.0750 SSIM:0.0867(0.9133) LPIPS:0.0368 GRAD:0.0000 SAT:0.0000 0.453936s/batch
2026-03-09 19:10:29,126 [INFO ]  epoch:254 step:0020  L1:0.0474 SSIM:0.0474(0.9526) LPIPS:0.0544 GRAD:0.0000 SAT:0.0000 0.425282s/batch
2026-03-09 19:10:29,777 [INFO ]  current_lr: 0.000001
2026-03-09 19:10:32,075 [INFO ]  epoch:255 step:0000  L1:0.0604 SSIM:0.2172(0.7828) LPIPS:0.1671 GRAD:0.0000 SAT:0.0000 0.229632s/batch
2026-03-09 19:10:36,001 [INFO ]  epoch:255 step:0010  L1:0.0448 SSIM:0.0868(0.9132) LPIPS:0.0706 GRAD:0.0000 SAT:0.0000 0.392414s/batch
2026-03-09 19:10:39,792 [INFO ]  epoch:255 step:0020  L1:0.0613 SSIM:0.1064(0.8936) LPIPS:0.0757 GRAD:0.0000 SAT:0.0000 0.378930s/batch
2026-03-09 19:10:40,447 [INFO ]  current_lr: 0.000000
2026-03-09 19:10:41,762 [INFO ]  epoch:256 step:0000  L1:0.0582 SSIM:0.0431(0.9569) LPIPS:0.0502 GRAD:0.0000 SAT:0.0000 0.131276s/batch
2026-03-09 19:10:45,732 [INFO ]  epoch:256 step:0010  L1:0.0819 SSIM:0.0959(0.9041) LPIPS:0.1196 GRAD:0.0000 SAT:0.0000 0.396765s/batch
2026-03-09 19:10:49,634 [INFO ]  epoch:256 step:0020  L1:0.0566 SSIM:0.1641(0.8359) LPIPS:0.0874 GRAD:0.0000 SAT:0.0000 0.389990s/batch
2026-03-09 19:10:50,337 [INFO ]  current_lr: 0.000000
2026-03-09 19:10:52,159 [INFO ]  epoch:257 step:0000  L1:0.0440 SSIM:0.0950(0.9050) LPIPS:0.0818 GRAD:0.0000 SAT:0.0000 0.181972s/batch
2026-03-09 19:10:56,522 [INFO ]  epoch:257 step:0010  L1:0.0280 SSIM:0.0357(0.9643) LPIPS:0.0474 GRAD:0.0000 SAT:0.0000 0.436113s/batch
2026-03-09 19:11:00,694 [INFO ]  epoch:257 step:0020  L1:0.0665 SSIM:0.1382(0.8618) LPIPS:0.0830 GRAD:0.0000 SAT:0.0000 0.416964s/batch
2026-03-09 19:11:01,339 [INFO ]  current_lr: 0.000000
2026-03-09 19:11:03,151 [INFO ]  epoch:258 step:0000  L1:0.0417 SSIM:0.1357(0.8643) LPIPS:0.1418 GRAD:0.0000 SAT:0.0000 0.180963s/batch
2026-03-09 19:11:07,492 [INFO ]  epoch:258 step:0010  L1:0.0279 SSIM:0.0441(0.9559) LPIPS:0.0486 GRAD:0.0000 SAT:0.0000 0.433898s/batch
2026-03-09 19:11:11,556 [INFO ]  epoch:258 step:0020  L1:0.0470 SSIM:0.1380(0.8620) LPIPS:0.0880 GRAD:0.0000 SAT:0.0000 0.406216s/batch
2026-03-09 19:11:12,271 [INFO ]  current_lr: 0.000000
2026-03-09 19:11:14,009 [INFO ]  epoch:259 step:0000  L1:0.0579 SSIM:0.0734(0.9266) LPIPS:0.0609 GRAD:0.0000 SAT:0.0000 0.173549s/batch
2026-03-09 19:11:18,385 [INFO ]  epoch:259 step:0010  L1:0.1071 SSIM:0.0865(0.9135) LPIPS:0.0782 GRAD:0.0000 SAT:0.0000 0.437451s/batch
2026-03-09 19:11:22,502 [INFO ]  epoch:259 step:0020  L1:0.0636 SSIM:0.1591(0.8409) LPIPS:0.0751 GRAD:0.0000 SAT:0.0000 0.411528s/batch
2026-03-09 19:11:23,241 [INFO ]  current_lr: 0.000000
2026-03-09 19:11:24,725 [INFO ]  epoch:260 step:0000  L1:0.0536 SSIM:0.0846(0.9154) LPIPS:0.1049 GRAD:0.0000 SAT:0.0000 0.148170s/batch
2026-03-09 19:11:29,089 [INFO ]  epoch:260 step:0010  L1:0.0484 SSIM:0.0797(0.9203) LPIPS:0.0517 GRAD:0.0000 SAT:0.0000 0.436056s/batch
2026-03-09 19:11:33,397 [INFO ]  epoch:260 step:0020  L1:0.0365 SSIM:0.1326(0.8674) LPIPS:0.0928 GRAD:0.0000 SAT:0.0000 0.430621s/batch
2026-03-09 19:11:34,099 [INFO ]  current_lr: 0.000000
2026-03-09 19:11:36,383 [INFO ]  epoch:261 step:0000  L1:0.0487 SSIM:0.1786(0.8214) LPIPS:0.0683 GRAD:0.0000 SAT:0.0000 0.228074s/batch
2026-03-09 19:11:40,823 [INFO ]  epoch:261 step:0010  L1:0.0531 SSIM:0.1390(0.8610) LPIPS:0.0882 GRAD:0.0000 SAT:0.0000 0.443661s/batch
2026-03-09 19:11:45,038 [INFO ]  epoch:261 step:0020  L1:0.0508 SSIM:0.1200(0.8800) LPIPS:0.0672 GRAD:0.0000 SAT:0.0000 0.421217s/batch
2026-03-09 19:11:45,781 [INFO ]  current_lr: 0.000000
2026-03-09 19:11:47,299 [INFO ]  epoch:262 step:0000  L1:0.0627 SSIM:0.0573(0.9427) LPIPS:0.0350 GRAD:0.0000 SAT:0.0000 0.151527s/batch
2026-03-09 19:11:51,745 [INFO ]  epoch:262 step:0010  L1:0.0633 SSIM:0.1103(0.8897) LPIPS:0.0610 GRAD:0.0000 SAT:0.0000 0.444264s/batch
2026-03-09 19:11:55,979 [INFO ]  epoch:262 step:0020  L1:0.0483 SSIM:0.0598(0.9402) LPIPS:0.0801 GRAD:0.0000 SAT:0.0000 0.422320s/batch
2026-03-09 19:11:56,737 [INFO ]  current_lr: 0.000000
2026-03-09 19:11:58,179 [INFO ]  epoch:263 step:0000  L1:0.0423 SSIM:0.0735(0.9265) LPIPS:0.0750 GRAD:0.0000 SAT:0.0000 0.143796s/batch
2026-03-09 19:12:02,692 [INFO ]  epoch:263 step:0010  L1:0.0594 SSIM:0.0825(0.9175) LPIPS:0.0331 GRAD:0.0000 SAT:0.0000 0.450950s/batch
2026-03-09 19:12:06,994 [INFO ]  epoch:263 step:0020  L1:0.0376 SSIM:0.0572(0.9428) LPIPS:0.0555 GRAD:0.0000 SAT:0.0000 0.429513s/batch
2026-03-09 19:12:07,656 [INFO ]  current_lr: 0.000000
2026-03-09 19:12:09,602 [INFO ]  epoch:264 step:0000  L1:0.0451 SSIM:0.0945(0.9055) LPIPS:0.0532 GRAD:0.0000 SAT:0.0000 0.194294s/batch
2026-03-09 19:12:14,137 [INFO ]  epoch:264 step:0010  L1:0.0497 SSIM:0.2022(0.7978) LPIPS:0.1170 GRAD:0.0000 SAT:0.0000 0.453188s/batch
2026-03-09 19:12:18,352 [INFO ]  epoch:264 step:0020  L1:0.0416 SSIM:0.0749(0.9251) LPIPS:0.0624 GRAD:0.0000 SAT:0.0000 0.421212s/batch
2026-03-09 19:12:19,082 [INFO ]  current_lr: 0.000000
2026-03-09 19:12:20,603 [INFO ]  epoch:265 step:0000  L1:0.0319 SSIM:0.0947(0.9053) LPIPS:0.0592 GRAD:0.0000 SAT:0.0000 0.151731s/batch
2026-03-09 19:12:25,158 [INFO ]  epoch:265 step:0010  L1:0.0627 SSIM:0.0591(0.9409) LPIPS:0.0729 GRAD:0.0000 SAT:0.0000 0.455241s/batch
2026-03-09 19:12:29,317 [INFO ]  epoch:265 step:0020  L1:0.0331 SSIM:0.0722(0.9278) LPIPS:0.0640 GRAD:0.0000 SAT:0.0000 0.415470s/batch
2026-03-09 19:12:30,065 [INFO ]  current_lr: 0.000000
2026-03-09 19:12:32,041 [INFO ]  epoch:266 step:0000  L1:0.0397 SSIM:0.0934(0.9066) LPIPS:0.0918 GRAD:0.0000 SAT:0.0000 0.197313s/batch
2026-03-09 19:12:35,686 [INFO ]  epoch:266 step:0010  L1:0.0484 SSIM:0.0656(0.9344) LPIPS:0.0629 GRAD:0.0000 SAT:0.0000 0.364164s/batch
2026-03-09 19:12:38,417 [INFO ]  epoch:266 step:0020  L1:0.0442 SSIM:0.1495(0.8505) LPIPS:0.0806 GRAD:0.0000 SAT:0.0000 0.272877s/batch
2026-03-09 19:12:38,941 [INFO ]  current_lr: 0.000000
2026-03-09 19:12:40,609 [INFO ]  epoch:267 step:0000  L1:0.0577 SSIM:0.0871(0.9129) LPIPS:0.0389 GRAD:0.0000 SAT:0.0000 0.166502s/batch
2026-03-09 19:12:44,807 [INFO ]  epoch:267 step:0010  L1:0.0422 SSIM:0.1002(0.8998) LPIPS:0.0653 GRAD:0.0000 SAT:0.0000 0.419386s/batch
2026-03-09 19:12:49,113 [INFO ]  epoch:267 step:0020  L1:0.0376 SSIM:0.0816(0.9184) LPIPS:0.0429 GRAD:0.0000 SAT:0.0000 0.430350s/batch
2026-03-09 19:12:49,704 [INFO ]  current_lr: 0.000000
2026-03-09 19:12:51,685 [INFO ]  epoch:268 step:0000  L1:0.0499 SSIM:0.0651(0.9349) LPIPS:0.0498 GRAD:0.0000 SAT:0.0000 0.197785s/batch
2026-03-09 19:12:56,236 [INFO ]  epoch:268 step:0010  L1:0.0712 SSIM:0.1584(0.8416) LPIPS:0.1184 GRAD:0.0000 SAT:0.0000 0.454650s/batch
2026-03-09 19:13:00,425 [INFO ]  epoch:268 step:0020  L1:0.0376 SSIM:0.0560(0.9440) LPIPS:0.0432 GRAD:0.0000 SAT:0.0000 0.418694s/batch
2026-03-09 19:13:01,023 [INFO ]  current_lr: 0.000000
2026-03-09 19:13:02,788 [INFO ]  epoch:269 step:0000  L1:0.0253 SSIM:0.0401(0.9599) LPIPS:0.0352 GRAD:0.0000 SAT:0.0000 0.176165s/batch
2026-03-09 19:13:06,699 [INFO ]  epoch:269 step:0010  L1:0.0410 SSIM:0.1215(0.8785) LPIPS:0.0786 GRAD:0.0000 SAT:0.0000 0.390812s/batch
2026-03-09 19:13:10,430 [INFO ]  epoch:269 step:0020  L1:0.0326 SSIM:0.1101(0.8899) LPIPS:0.0678 GRAD:0.0000 SAT:0.0000 0.372326s/batch
2026-03-09 19:13:11,055 [INFO ]  current_lr: 0.000000
2026-03-09 19:13:12,787 [INFO ]  epoch:270 step:0000  L1:0.0879 SSIM:0.2090(0.7910) LPIPS:0.0728 GRAD:0.0000 SAT:0.0000 0.172860s/batch
2026-03-09 19:13:16,752 [INFO ]  epoch:270 step:0010  L1:0.0488 SSIM:0.0661(0.9339) LPIPS:0.0378 GRAD:0.0000 SAT:0.0000 0.396234s/batch
2026-03-09 19:13:20,621 [INFO ]  epoch:270 step:0020  L1:0.0695 SSIM:0.1026(0.8974) LPIPS:0.0848 GRAD:0.0000 SAT:0.0000 0.386640s/batch
2026-03-09 19:13:21,316 [INFO ]  current_lr: 0.000000
2026-03-09 19:13:23,144 [INFO ]  epoch:271 step:0000  L1:0.0444 SSIM:0.1289(0.8711) LPIPS:0.0734 GRAD:0.0000 SAT:0.0000 0.182384s/batch
2026-03-09 19:13:27,208 [INFO ]  epoch:271 step:0010  L1:0.1192 SSIM:0.1229(0.8771) LPIPS:0.0711 GRAD:0.0000 SAT:0.0000 0.406059s/batch
2026-03-09 19:13:30,938 [INFO ]  epoch:271 step:0020  L1:0.0637 SSIM:0.0904(0.9096) LPIPS:0.0761 GRAD:0.0000 SAT:0.0000 0.372712s/batch
2026-03-09 19:13:31,664 [INFO ]  current_lr: 0.000000
2026-03-09 19:13:33,613 [INFO ]  epoch:272 step:0000  L1:0.0598 SSIM:0.1128(0.8872) LPIPS:0.0698 GRAD:0.0000 SAT:0.0000 0.194491s/batch
2026-03-09 19:13:37,964 [INFO ]  epoch:272 step:0010  L1:0.0597 SSIM:0.0995(0.9005) LPIPS:0.0536 GRAD:0.0000 SAT:0.0000 0.434776s/batch
2026-03-09 19:13:42,106 [INFO ]  epoch:272 step:0020  L1:0.0549 SSIM:0.0671(0.9329) LPIPS:0.0568 GRAD:0.0000 SAT:0.0000 0.414031s/batch
2026-03-09 19:13:42,846 [INFO ]  current_lr: 0.000000
2026-03-09 19:13:45,033 [INFO ]  epoch:273 step:0000  L1:0.0479 SSIM:0.0749(0.9251) LPIPS:0.0610 GRAD:0.0000 SAT:0.0000 0.218531s/batch
2026-03-09 19:13:49,416 [INFO ]  epoch:273 step:0010  L1:0.0507 SSIM:0.1028(0.8972) LPIPS:0.0516 GRAD:0.0000 SAT:0.0000 0.437929s/batch
2026-03-09 19:13:53,534 [INFO ]  epoch:273 step:0020  L1:0.0314 SSIM:0.0606(0.9394) LPIPS:0.0631 GRAD:0.0000 SAT:0.0000 0.411417s/batch
2026-03-09 19:13:54,231 [INFO ]  current_lr: 0.000000
2026-03-09 19:13:55,895 [INFO ]  epoch:274 step:0000  L1:0.0511 SSIM:0.0992(0.9008) LPIPS:0.0687 GRAD:0.0000 SAT:0.0000 0.166130s/batch
2026-03-09 19:14:00,257 [INFO ]  epoch:274 step:0010  L1:0.0594 SSIM:0.0863(0.9137) LPIPS:0.0532 GRAD:0.0000 SAT:0.0000 0.435842s/batch
2026-03-09 19:14:04,393 [INFO ]  epoch:274 step:0020  L1:0.0401 SSIM:0.0538(0.9462) LPIPS:0.0498 GRAD:0.0000 SAT:0.0000 0.412904s/batch
2026-03-09 19:14:05,102 [INFO ]  current_lr: 0.000000
2026-03-09 19:14:07,503 [INFO ]  epoch:275 step:0000  L1:0.0372 SSIM:0.1424(0.8576) LPIPS:0.0963 GRAD:0.0000 SAT:0.0000 0.239694s/batch
2026-03-09 19:14:12,029 [INFO ]  epoch:275 step:0010  L1:0.0436 SSIM:0.1313(0.8687) LPIPS:0.0959 GRAD:0.0000 SAT:0.0000 0.452309s/batch
2026-03-09 19:14:16,229 [INFO ]  epoch:275 step:0020  L1:0.0768 SSIM:0.1521(0.8479) LPIPS:0.1006 GRAD:0.0000 SAT:0.0000 0.419718s/batch
2026-03-09 19:14:16,963 [INFO ]  current_lr: 0.000000
2026-03-09 19:14:18,934 [INFO ]  epoch:276 step:0000  L1:0.1031 SSIM:0.1750(0.8250) LPIPS:0.1172 GRAD:0.0000 SAT:0.0000 0.196760s/batch
2026-03-09 19:14:23,329 [INFO ]  epoch:276 step:0010  L1:0.0433 SSIM:0.0747(0.9253) LPIPS:0.0365 GRAD:0.0000 SAT:0.0000 0.439234s/batch
2026-03-09 19:14:27,547 [INFO ]  epoch:276 step:0020  L1:0.1051 SSIM:0.0901(0.9099) LPIPS:0.0903 GRAD:0.0000 SAT:0.0000 0.421456s/batch
2026-03-09 19:14:28,283 [INFO ]  current_lr: 0.000000
2026-03-09 19:14:30,594 [INFO ]  epoch:277 step:0000  L1:0.0577 SSIM:0.1510(0.8490) LPIPS:0.0926 GRAD:0.0000 SAT:0.0000 0.230712s/batch
2026-03-09 19:14:35,099 [INFO ]  epoch:277 step:0010  L1:0.0481 SSIM:0.0774(0.9226) LPIPS:0.0918 GRAD:0.0000 SAT:0.0000 0.450206s/batch
2026-03-09 19:14:39,322 [INFO ]  epoch:277 step:0020  L1:0.0895 SSIM:0.2153(0.7847) LPIPS:0.1305 GRAD:0.0000 SAT:0.0000 0.421397s/batch
2026-03-09 19:14:40,051 [INFO ]  current_lr: 0.000000
2026-03-09 19:14:41,954 [INFO ]  epoch:278 step:0000  L1:0.0435 SSIM:0.0812(0.9188) LPIPS:0.0622 GRAD:0.0000 SAT:0.0000 0.190014s/batch
2026-03-09 19:14:46,411 [INFO ]  epoch:278 step:0010  L1:0.0906 SSIM:0.0787(0.9213) LPIPS:0.0599 GRAD:0.0000 SAT:0.0000 0.445437s/batch
2026-03-09 19:14:50,694 [INFO ]  epoch:278 step:0020  L1:0.0471 SSIM:0.0574(0.9426) LPIPS:0.0412 GRAD:0.0000 SAT:0.0000 0.427864s/batch
2026-03-09 19:14:51,451 [INFO ]  current_lr: 0.000000
2026-03-09 19:14:53,546 [INFO ]  epoch:279 step:0000  L1:0.0553 SSIM:0.0568(0.9432) LPIPS:0.0622 GRAD:0.0000 SAT:0.0000 0.209097s/batch
2026-03-09 19:14:58,038 [INFO ]  epoch:279 step:0010  L1:0.0556 SSIM:0.0542(0.9458) LPIPS:0.0533 GRAD:0.0000 SAT:0.0000 0.448978s/batch
2026-03-09 19:15:02,259 [INFO ]  epoch:279 step:0020  L1:0.0387 SSIM:0.0842(0.9158) LPIPS:0.0506 GRAD:0.0000 SAT:0.0000 0.421761s/batch
2026-03-09 19:15:02,983 [INFO ]  current_lr: 0.000000
2026-03-09 19:15:04,606 [INFO ]  epoch:280 step:0000  L1:0.0336 SSIM:0.0873(0.9127) LPIPS:0.0601 GRAD:0.0000 SAT:0.0000 0.161943s/batch
2026-03-09 19:15:09,120 [INFO ]  epoch:280 step:0010  L1:0.0680 SSIM:0.1556(0.8444) LPIPS:0.0730 GRAD:0.0000 SAT:0.0000 0.450962s/batch
2026-03-09 19:15:12,271 [INFO ]  epoch:280 step:0020  L1:0.0475 SSIM:0.0890(0.9110) LPIPS:0.0747 GRAD:0.0000 SAT:0.0000 0.314885s/batch
2026-03-09 19:15:12,799 [INFO ]  current_lr: 0.000000
2026-03-09 19:15:14,513 [INFO ]  epoch:281 step:0000  L1:0.0351 SSIM:0.0770(0.9230) LPIPS:0.0613 GRAD:0.0000 SAT:0.0000 0.171100s/batch
2026-03-09 19:15:17,763 [INFO ]  epoch:281 step:0010  L1:0.0304 SSIM:0.0743(0.9257) LPIPS:0.0582 GRAD:0.0000 SAT:0.0000 0.324661s/batch
2026-03-09 19:15:22,041 [INFO ]  epoch:281 step:0020  L1:0.0673 SSIM:0.1116(0.8884) LPIPS:0.0616 GRAD:0.0000 SAT:0.0000 0.427518s/batch
2026-03-09 19:15:22,781 [INFO ]  current_lr: 0.000000
2026-03-09 19:15:24,574 [INFO ]  epoch:282 step:0000  L1:0.0453 SSIM:0.0786(0.9214) LPIPS:0.0560 GRAD:0.0000 SAT:0.0000 0.178917s/batch
2026-03-09 19:15:29,120 [INFO ]  epoch:282 step:0010  L1:0.0497 SSIM:0.1368(0.8632) LPIPS:0.0846 GRAD:0.0000 SAT:0.0000 0.454220s/batch
2026-03-09 19:15:33,449 [INFO ]  epoch:282 step:0020  L1:0.0387 SSIM:0.1130(0.8870) LPIPS:0.0765 GRAD:0.0000 SAT:0.0000 0.432476s/batch
2026-03-09 19:15:34,221 [INFO ]  current_lr: 0.000000
2026-03-09 19:15:36,199 [INFO ]  epoch:283 step:0000  L1:0.0607 SSIM:0.0594(0.9406) LPIPS:0.0692 GRAD:0.0000 SAT:0.0000 0.197526s/batch
2026-03-09 19:15:40,126 [INFO ]  epoch:283 step:0010  L1:0.0439 SSIM:0.0945(0.9055) LPIPS:0.0578 GRAD:0.0000 SAT:0.0000 0.392344s/batch
2026-03-09 19:15:43,859 [INFO ]  epoch:283 step:0020  L1:0.0418 SSIM:0.0883(0.9117) LPIPS:0.0562 GRAD:0.0000 SAT:0.0000 0.372814s/batch
2026-03-09 19:15:44,524 [INFO ]  current_lr: 0.000000
2026-03-09 19:15:46,320 [INFO ]  epoch:284 step:0000  L1:0.0678 SSIM:0.0755(0.9245) LPIPS:0.0827 GRAD:0.0000 SAT:0.0000 0.179227s/batch
2026-03-09 19:15:50,264 [INFO ]  epoch:284 step:0010  L1:0.0492 SSIM:0.1978(0.8022) LPIPS:0.1082 GRAD:0.0000 SAT:0.0000 0.393857s/batch
2026-03-09 19:15:54,091 [INFO ]  epoch:284 step:0020  L1:0.0464 SSIM:0.1007(0.8993) LPIPS:0.0715 GRAD:0.0000 SAT:0.0000 0.382505s/batch
2026-03-09 19:15:54,764 [INFO ]  current_lr: 0.000000
2026-03-09 19:15:56,851 [INFO ]  epoch:285 step:0000  L1:0.0398 SSIM:0.1134(0.8866) LPIPS:0.0807 GRAD:0.0000 SAT:0.0000 0.208368s/batch
2026-03-09 19:16:00,973 [INFO ]  epoch:285 step:0010  L1:0.0426 SSIM:0.0958(0.9042) LPIPS:0.0698 GRAD:0.0000 SAT:0.0000 0.411914s/batch
2026-03-09 19:16:04,877 [INFO ]  epoch:285 step:0020  L1:0.0435 SSIM:0.0787(0.9213) LPIPS:0.0495 GRAD:0.0000 SAT:0.0000 0.390072s/batch
2026-03-09 19:16:05,558 [INFO ]  current_lr: 0.000000
2026-03-09 19:16:07,798 [INFO ]  epoch:286 step:0000  L1:0.0778 SSIM:0.1288(0.8712) LPIPS:0.1306 GRAD:0.0000 SAT:0.0000 0.223724s/batch
2026-03-09 19:16:12,036 [INFO ]  epoch:286 step:0010  L1:0.0508 SSIM:0.1173(0.8827) LPIPS:0.0731 GRAD:0.0000 SAT:0.0000 0.423398s/batch
2026-03-09 19:16:16,219 [INFO ]  epoch:286 step:0020  L1:0.0514 SSIM:0.0536(0.9464) LPIPS:0.0463 GRAD:0.0000 SAT:0.0000 0.417962s/batch
2026-03-09 19:16:16,951 [INFO ]  current_lr: 0.000000
2026-03-09 19:16:19,438 [INFO ]  epoch:287 step:0000  L1:0.0664 SSIM:0.1735(0.8265) LPIPS:0.1190 GRAD:0.0000 SAT:0.0000 0.248424s/batch
2026-03-09 19:16:23,793 [INFO ]  epoch:287 step:0010  L1:0.0356 SSIM:0.0763(0.9237) LPIPS:0.0530 GRAD:0.0000 SAT:0.0000 0.435070s/batch
2026-03-09 19:16:27,943 [INFO ]  epoch:287 step:0020  L1:0.0395 SSIM:0.0671(0.9329) LPIPS:0.0603 GRAD:0.0000 SAT:0.0000 0.414770s/batch
2026-03-09 19:16:28,703 [INFO ]  current_lr: 0.000000
2026-03-09 19:16:30,619 [INFO ]  epoch:288 step:0000  L1:0.0481 SSIM:0.0960(0.9040) LPIPS:0.0955 GRAD:0.0000 SAT:0.0000 0.191321s/batch
2026-03-09 19:16:34,943 [INFO ]  epoch:288 step:0010  L1:0.0530 SSIM:0.0933(0.9067) LPIPS:0.0660 GRAD:0.0000 SAT:0.0000 0.431940s/batch
2026-03-09 19:16:39,037 [INFO ]  epoch:288 step:0020  L1:0.0669 SSIM:0.0991(0.9009) LPIPS:0.0635 GRAD:0.0000 SAT:0.0000 0.409096s/batch
2026-03-09 19:16:39,757 [INFO ]  current_lr: 0.000000
2026-03-09 19:16:41,475 [INFO ]  epoch:289 step:0000  L1:0.0714 SSIM:0.0693(0.9307) LPIPS:0.0737 GRAD:0.0000 SAT:0.0000 0.171522s/batch
2026-03-09 19:16:45,982 [INFO ]  epoch:289 step:0010  L1:0.0370 SSIM:0.0657(0.9343) LPIPS:0.0479 GRAD:0.0000 SAT:0.0000 0.450283s/batch
2026-03-09 19:16:50,188 [INFO ]  epoch:289 step:0020  L1:0.0586 SSIM:0.1684(0.8316) LPIPS:0.0789 GRAD:0.0000 SAT:0.0000 0.420341s/batch
2026-03-09 19:16:50,947 [INFO ]  current_lr: 0.000000
2026-03-09 19:16:52,097 [INFO ]  epoch:290 step:0000  L1:0.0283 SSIM:0.0290(0.9710) LPIPS:0.0428 GRAD:0.0000 SAT:0.0000 0.114661s/batch
2026-03-09 19:16:56,513 [INFO ]  epoch:290 step:0010  L1:0.0975 SSIM:0.0781(0.9219) LPIPS:0.0715 GRAD:0.0000 SAT:0.0000 0.441280s/batch
2026-03-09 19:17:00,801 [INFO ]  epoch:290 step:0020  L1:0.0314 SSIM:0.0787(0.9213) LPIPS:0.0762 GRAD:0.0000 SAT:0.0000 0.428623s/batch
2026-03-09 19:17:01,547 [INFO ]  current_lr: 0.000000
2026-03-09 19:17:03,571 [INFO ]  epoch:291 step:0000  L1:0.0658 SSIM:0.1286(0.8714) LPIPS:0.0803 GRAD:0.0000 SAT:0.0000 0.202157s/batch
2026-03-09 19:17:08,089 [INFO ]  epoch:291 step:0010  L1:0.0348 SSIM:0.1017(0.8983) LPIPS:0.0675 GRAD:0.0000 SAT:0.0000 0.451446s/batch
2026-03-09 19:17:12,198 [INFO ]  epoch:291 step:0020  L1:0.0389 SSIM:0.1067(0.8933) LPIPS:0.0645 GRAD:0.0000 SAT:0.0000 0.410833s/batch
2026-03-09 19:17:12,945 [INFO ]  current_lr: 0.000000
2026-03-09 19:17:14,555 [INFO ]  epoch:292 step:0000  L1:0.0607 SSIM:0.0449(0.9551) LPIPS:0.0722 GRAD:0.0000 SAT:0.0000 0.160728s/batch
2026-03-09 19:17:19,019 [INFO ]  epoch:292 step:0010  L1:0.0539 SSIM:0.1327(0.8673) LPIPS:0.0686 GRAD:0.0000 SAT:0.0000 0.445785s/batch
2026-03-09 19:17:23,275 [INFO ]  epoch:292 step:0020  L1:0.0335 SSIM:0.0538(0.9462) LPIPS:0.0422 GRAD:0.0000 SAT:0.0000 0.425330s/batch
2026-03-09 19:17:24,013 [INFO ]  current_lr: 0.000000
2026-03-09 19:17:25,832 [INFO ]  epoch:293 step:0000  L1:0.0695 SSIM:0.1067(0.8933) LPIPS:0.1133 GRAD:0.0000 SAT:0.0000 0.181523s/batch
2026-03-09 19:17:30,248 [INFO ]  epoch:293 step:0010  L1:0.0653 SSIM:0.1073(0.8927) LPIPS:0.0580 GRAD:0.0000 SAT:0.0000 0.441329s/batch
2026-03-09 19:17:34,558 [INFO ]  epoch:293 step:0020  L1:0.0325 SSIM:0.0539(0.9461) LPIPS:0.0543 GRAD:0.0000 SAT:0.0000 0.430705s/batch
2026-03-09 19:17:35,301 [INFO ]  current_lr: 0.000000
2026-03-09 19:17:37,608 [INFO ]  epoch:294 step:0000  L1:0.0720 SSIM:0.1742(0.8258) LPIPS:0.0982 GRAD:0.0000 SAT:0.0000 0.230410s/batch
2026-03-09 19:17:42,050 [INFO ]  epoch:294 step:0010  L1:0.0432 SSIM:0.1067(0.8933) LPIPS:0.0773 GRAD:0.0000 SAT:0.0000 0.443872s/batch
2026-03-09 19:17:45,186 [INFO ]  epoch:294 step:0020  L1:0.0680 SSIM:0.2256(0.7744) LPIPS:0.1077 GRAD:0.0000 SAT:0.0000 0.313278s/batch
2026-03-09 19:17:45,696 [INFO ]  current_lr: 0.000000
2026-03-09 19:17:47,135 [INFO ]  epoch:295 step:0000  L1:0.0364 SSIM:0.0870(0.9130) LPIPS:0.0615 GRAD:0.0000 SAT:0.0000 0.143644s/batch
2026-03-09 19:17:50,413 [INFO ]  epoch:295 step:0010  L1:0.1003 SSIM:0.0999(0.9001) LPIPS:0.0848 GRAD:0.0000 SAT:0.0000 0.327259s/batch
2026-03-09 19:17:54,918 [INFO ]  epoch:295 step:0020  L1:0.0829 SSIM:0.0954(0.9046) LPIPS:0.1114 GRAD:0.0000 SAT:0.0000 0.450157s/batch
2026-03-09 19:17:55,659 [INFO ]  current_lr: 0.000000
2026-03-09 19:17:57,469 [INFO ]  epoch:296 step:0000  L1:0.0453 SSIM:0.1391(0.8609) LPIPS:0.1240 GRAD:0.0000 SAT:0.0000 0.180688s/batch
2026-03-09 19:18:02,092 [INFO ]  epoch:296 step:0010  L1:0.0433 SSIM:0.0638(0.9362) LPIPS:0.0616 GRAD:0.0000 SAT:0.0000 0.461961s/batch
2026-03-09 19:18:06,235 [INFO ]  epoch:296 step:0020  L1:0.0820 SSIM:0.1571(0.8429) LPIPS:0.1003 GRAD:0.0000 SAT:0.0000 0.414025s/batch
2026-03-09 19:18:06,902 [INFO ]  current_lr: 0.000000
2026-03-09 19:18:08,737 [INFO ]  epoch:297 step:0000  L1:0.0843 SSIM:0.1387(0.8613) LPIPS:0.1430 GRAD:0.0000 SAT:0.0000 0.183110s/batch
2026-03-09 19:18:12,662 [INFO ]  epoch:297 step:0010  L1:0.0589 SSIM:0.1859(0.8141) LPIPS:0.0775 GRAD:0.0000 SAT:0.0000 0.391951s/batch
2026-03-09 19:18:16,389 [INFO ]  epoch:297 step:0020  L1:0.1309 SSIM:0.0652(0.9348) LPIPS:0.0991 GRAD:0.0000 SAT:0.0000 0.372419s/batch
2026-03-09 19:18:16,997 [INFO ]  current_lr: 0.000000
2026-03-09 19:18:18,364 [INFO ]  epoch:298 step:0000  L1:0.0451 SSIM:0.1353(0.8647) LPIPS:0.0573 GRAD:0.0000 SAT:0.0000 0.136424s/batch
2026-03-09 19:18:22,465 [INFO ]  epoch:298 step:0010  L1:0.0698 SSIM:0.0992(0.9008) LPIPS:0.0960 GRAD:0.0000 SAT:0.0000 0.409797s/batch
2026-03-09 19:18:26,271 [INFO ]  epoch:298 step:0020  L1:0.0340 SSIM:0.0719(0.9281) LPIPS:0.0684 GRAD:0.0000 SAT:0.0000 0.380367s/batch
2026-03-09 19:18:26,910 [INFO ]  current_lr: 0.000000
2026-03-09 19:18:28,376 [INFO ]  epoch:299 step:0000  L1:0.0640 SSIM:0.0812(0.9188) LPIPS:0.0491 GRAD:0.0000 SAT:0.0000 0.146344s/batch
2026-03-09 19:18:32,782 [INFO ]  epoch:299 step:0010  L1:0.0828 SSIM:0.1524(0.8476) LPIPS:0.0963 GRAD:0.0000 SAT:0.0000 0.440175s/batch
2026-03-09 19:18:36,846 [INFO ]  epoch:299 step:0020  L1:0.0405 SSIM:0.0867(0.9133) LPIPS:0.0765 GRAD:0.0000 SAT:0.0000 0.406135s/batch
2026-03-09 19:28:01,999 [INFO ]  The training stage on fastMRI is over!!!
